"","PostCode","ID..","X","CDuid","SAC","FED96uid","FSA","DAuid","Block","Lat","Long","SLI","PR","CSD","CSDname","CSDtype","CCS","SACtype","CTname","ER","DPL","UARA","UARAtype","Rep_Point","PCtype","Comm_Name","DMT","H_DMT","Birth_Date","Ref_Date","FED96name","SACname","CDname"
"1","V1M1V5",1,94949,5915,933,59010,"V1M",59152421,1,49.174234,-122.638499,1,59,1,"Langley","DM",1,1,504.03,20,9959,1253,2,1,1,"LANGLEY","Z","A",19850401,19930101,"Langley - Abbotsford","Vancouver","Greater Vancouver Regional District"
"2","V1M1X9",2,93932,5915,933,59010,"V1M",59152411,0,49.163545,-122.630661,1,59,1,"Langley","DM",1,1,504.03,20,9959,0,0,3,1,"LANGLEY","Z","A",19860301,19930101,"Langley - Abbotsford","Vancouver","Greater Vancouver Regional District"
"3","V1M2G4",3,79691,5915,933,59010,"V1M",59152408,2,49.157663,-122.627644,0,59,1,"Langley","DM",1,1,504.04,20,9959,1253,2,1,1,"LANGLEY","A","A",19900101,19000001,"Langley - Abbotsford","Vancouver","Greater Vancouver Regional District"
"4","V1M2K7",4,80565,5915,933,59010,"V1M",59152408,2,49.156077,-122.628868,0,59,1,"Langley","DM",1,1,504.04,20,9959,1253,2,1,1,"LANGLEY","A","A",19911201,19000001,"Langley - Abbotsford","Vancouver","Greater Vancouver Regional District"
"5","V1M2S2",5,79480,5915,933,59010,"V1M",59152489,11,49.165561,-122.591787,0,59,1,"Langley","DM",1,1,505,20,9959,1074,2,2,3,"LANGLEY","Z","K",19940501,19940501,"Langley - Abbotsford","Vancouver","Greater Vancouver Regional District"
"6","V1M2S5",8,78440,5915,933,59010,"V1M",59152488,5,49.168234,-122.574674,0,59,1,"Langley","DM",1,1,505,20,9959,1074,2,2,3,"LANGLEY","K","K",19950101,19000001,"Langley - Abbotsford","Vancouver","Greater Vancouver Regional District"
"7","V1M2W8",6,78489,5915,933,59010,"V1M",59152425,1,49.171181,-122.647779,0,59,1,"Langley","DM",1,1,504.02,20,9959,1253,2,1,1,"LANGLEY","A","A",19940701,19000001,"Langley - Abbotsford","Vancouver","Greater Vancouver Regional District"
"8","V1M2X2",7,92723,5915,933,59010,"V1M",59152425,4,49.169776,-122.649245,0,59,1,"Langley","DM",1,1,504.02,20,9959,1253,2,1,1,"LANGLEY","A","A",19941101,19000001,"Langley - Abbotsford","Vancouver","Greater Vancouver Regional District"
"9","V2Y1G8",9,100877,5915,933,59010,"V2Y",59152396,1,49.125641,-122.676774,1,59,1,"Langley","DM",1,1,504.01,20,9959,973,1,1,1,"LANGLEY","A","A",19830501,19000001,"Langley - Abbotsford","Vancouver","Greater Vancouver Regional District"
"10","V2Y1S3",10,79219,5915,933,59010,"V2Y",59152789,8,49.150348,-122.66807,1,59,1,"Langley","DM",1,1,504.01,20,9959,9959,3,1,1,"LANGLEY","A","A",19940701,19000001,"Langley - Abbotsford","Vancouver","Greater Vancouver Regional District"
"11","V2Y1S4",11,92467,5915,933,59010,"V2Y",59152790,4,49.143556,-122.667892,1,59,1,"Langley","DM",1,1,504.01,20,9959,9959,3,1,1,"LANGLEY","A","A",19940701,19000001,"Langley - Abbotsford","Vancouver","Greater Vancouver Regional District"
"12","V2Y2B5",12,94726,5915,933,59010,"V2Y",59152405,1,49.155626,-122.654197,1,59,1,"Langley","DM",1,1,504.01,20,9959,9959,3,1,1,"LANGLEY","A","A",19950401,19000001,"Langley - Abbotsford","Vancouver","Greater Vancouver Regional District"
"13","V2Z1K6",13,94331,5915,933,59010,"V2Z",59152503,6,49.031211,-122.599789,0,59,1,"Langley","DM",1,1,500,20,9959,9959,3,1,1,"LANGLEY","A","A",19921001,19000001,"Langley - Abbotsford","Vancouver","Greater Vancouver Regional District"
"14","V2Z1R6",14,103221,5915,933,59010,"V2Z",59152557,4,49.013257,-122.620382,0,59,1,"Langley","DM",1,1,502.05,20,9959,9959,3,1,1,"LANGLEY","A","A",19950401,19000001,"Langley - Abbotsford","Vancouver","Greater Vancouver Regional District"
"15","V2Z1X5",15,94571,5915,933,59010,"V2Z",59152559,2,49.041874,-122.659868,1,59,1,"Langley","DM",1,1,502.02,20,9959,9959,3,1,1,"LANGLEY","A","A",19950401,19000001,"Langley - Abbotsford","Vancouver","Greater Vancouver Regional District"
"16","V2Z1Y8",16,95687,5915,933,59010,"V2Z",59152560,1,49.043123,-122.674805,0,59,1,"Langley","DM",1,1,502.02,20,9959,973,1,1,1,"LANGLEY","A","A",19950401,19000001,"Langley - Abbotsford","Vancouver","Greater Vancouver Regional District"
"17","V2Z2C2",17,105241,5915,933,59010,"V2Z",59152564,3,49.053206,-122.655153,1,59,1,"Langley","DM",1,1,502.02,20,9959,973,1,1,1,"LANGLEY","A","A",19950401,19000001,"Langley - Abbotsford","Vancouver","Greater Vancouver Regional District"
"18","V2Z2C4",18,78647,5915,933,59010,"V2Z",59152565,4,49.060797,-122.641505,0,59,1,"Langley","DM",1,1,502.05,20,9959,9959,3,1,1,"LANGLEY","A","A",19950401,19000001,"Langley - Abbotsford","Vancouver","Greater Vancouver Regional District"
"19","V2Z2R1",19,78580,5915,933,59010,"V2Z",59152499,2,49.101375,-122.573152,0,59,1,"Langley","DM",1,1,501.02,20,9959,973,1,1,1,"LANGLEY","A","A",19950801,19000001,"Langley - Abbotsford","Vancouver","Greater Vancouver Regional District"
"20","V2Z2X6",20,90905,5915,933,59010,"V2Z",59152556,4,49.014357,-122.560019,0,59,1,"Langley","DM",1,1,500,20,9959,9959,3,1,1,"LANGLEY","A","A",19951001,19000001,"Langley - Abbotsford","Vancouver","Greater Vancouver Regional District"
"21","V3A1Z1",21,111163,5915,933,59023,"V3A",59152350,2,49.098358,-122.656309,1,59,2,"Langley","C",1,1,503.05,20,9959,973,1,1,1,"LANGLEY","A","A",19830401,19000001,"South Surrey - White Rock - Langley","Vancouver","Greater Vancouver Regional District"
"22","V3A2E9",22,111220,5915,933,59023,"V3A",59152385,1,49.100861,-122.649034,1,59,2,"Langley","C",1,1,503.05,20,9959,973,1,1,1,"LANGLEY","B","B",19830401,19000001,"South Surrey - White Rock - Langley","Vancouver","Greater Vancouver Regional District"
"23","V3A2N7",23,94514,5915,933,59010,"V3A",59152372,4,49.086418,-122.620963,1,59,1,"Langley","DM",1,1,502.04,20,9959,973,1,1,1,"LANGLEY","A","A",19830401,19000001,"Langley - Abbotsford","Vancouver","Greater Vancouver Regional District"
"24","V3A2P9",24,113502,5915,933,59023,"V3A",59152571,1,49.066781,-122.671983,1,59,1,"Langley","DM",1,1,502.02,20,9959,973,1,1,1,"LANGLEY","A","A",19830401,19000001,"South Surrey - White Rock - Langley","Vancouver","Greater Vancouver Regional District"
"25","V3A2X7",25,95704,5915,933,59010,"V3A",59152366,1,49.074769,-122.648112,0,59,1,"Langley","DM",1,1,502.03,20,9959,973,1,1,1,"LANGLEY","A","A",19830401,19000001,"Langley - Abbotsford","Vancouver","Greater Vancouver Regional District"
"26","V3A3A6",26,119086,5915,933,59023,"V3A",59152361,2,49.07853,-122.659346,1,59,1,"Langley","DM",1,1,502.03,20,9959,973,1,1,1,"LANGLEY","A","A",19830401,19000001,"South Surrey - White Rock - Langley","Vancouver","Greater Vancouver Regional District"
"27","V3A3B5",27,118006,5915,933,59023,"V3A",59152361,1,49.079561,-122.662694,1,59,1,"Langley","DM",1,1,502.03,20,9959,973,1,1,1,"LANGLEY","A","A",19830401,19000001,"South Surrey - White Rock - Langley","Vancouver","Greater Vancouver Regional District"
"28","V3A3J8",28,109323,5915,933,59023,"V3A",59152357,1,49.086626,-122.655019,1,59,2,"Langley","C",1,1,503.03,20,9959,973,1,1,1,"LANGLEY","A","A",19830401,19000001,"South Surrey - White Rock - Langley","Vancouver","Greater Vancouver Regional District"
"29","V3A3S6",29,113051,5915,933,59023,"V3A",59152782,2,49.093605,-122.67132,1,59,2,"Langley","C",1,1,503.01,20,9959,973,1,1,1,"LANGLEY","A","A",19830401,19000001,"South Surrey - White Rock - Langley","Vancouver","Greater Vancouver Regional District"
"30","V3A3V1",30,119263,5915,933,59023,"V3A",59152349,2,49.098907,-122.661816,1,59,2,"Langley","C",1,1,503.05,20,9959,973,1,1,1,"LANGLEY","A","A",19830401,19000001,"South Surrey - White Rock - Langley","Vancouver","Greater Vancouver Regional District"
"31","V3A3X6",32,100697,5915,933,59023,"V3A",59152341,1,49.104549,-122.678112,1,59,2,"Langley","C",1,1,503.04,20,9959,973,1,1,1,"LANGLEY","A","A",19830401,19000001,"South Surrey - White Rock - Langley","Vancouver","Greater Vancouver Regional District"
"32","V3A3X6",31,100697,5915,933,59023,"V3A",59152341,1,49.104549,-122.678112,1,59,2,"Langley","C",1,1,503.04,20,9959,973,1,1,1,"LANGLEY","A","A",19830401,19000001,"South Surrey - White Rock - Langley","Vancouver","Greater Vancouver Regional District"
"33","V3A3X7",33,111999,5915,933,59023,"V3A",59152394,4,49.104729,-122.678105,1,59,2,"Langley","C",1,1,503.04,20,9959,973,1,1,1,"LANGLEY","A","A",19830401,19000001,"South Surrey - White Rock - Langley","Vancouver","Greater Vancouver Regional District"
"34","V3A4P5",34,93999,5915,933,59010,"V3A",59152565,4,49.057917,-122.646895,0,59,1,"Langley","DM",1,1,502.05,20,9959,9959,3,1,2,"LANGLEY","Z","T",19830401,19950601,"Langley - Abbotsford","Vancouver","Greater Vancouver Regional District"
"35","V3A4R1",35,78870,5915,933,59010,"V3A",59152377,4,49.093313,-122.609644,0,59,1,"Langley","DM",1,1,501.01,20,9959,973,1,1,2,"LANGLEY","Z","T",19830401,19960401,"Langley - Abbotsford","Vancouver","Greater Vancouver Regional District"
"36","V3A5J2",36,104447,5915,933,59023,"V3A",59152359,2,49.089391,-122.661909,1,59,2,"Langley","C",1,1,503.03,20,9959,973,1,1,1,"LANGLEY","A","A",19830401,19000001,"South Surrey - White Rock - Langley","Vancouver","Greater Vancouver Regional District"
"37","V3A5M8",37,113419,5915,933,59023,"V3A",59152784,4,49.094352,-122.663847,1,59,2,"Langley","C",1,1,503.03,20,9959,973,1,1,1,"LANGLEY","A","A",19830401,19000001,"South Surrey - White Rock - Langley","Vancouver","Greater Vancouver Regional District"
"38","V3A5R4",38,104341,5915,933,59023,"V3A",59152778,1,49.083666,-122.676636,1,59,1,"Langley","DM",1,1,502.01,20,9959,973,1,1,1,"LANGLEY","A","A",19830401,19000001,"South Surrey - White Rock - Langley","Vancouver","Greater Vancouver Regional District"
"39","V3A6R5",39,104281,5915,933,59023,"V3A",59152391,3,49.100769,-122.65918,1,59,2,"Langley","C",1,1,503.05,20,9959,973,1,1,1,"LANGLEY","B","B",19830401,19000001,"South Surrey - White Rock - Langley","Vancouver","Greater Vancouver Regional District"
"40","V3A6Y3",40,79603,5915,933,59010,"V3A",59152789,5,49.153946,-122.674371,0,59,1,"Langley","DM",1,1,504.01,20,9959,9959,3,1,2,"LANGLEY","Z","T",19830401,19960401,"Langley - Abbotsford","Vancouver","Greater Vancouver Regional District"
"41","V3A7A6",41,118295,5915,933,59023,"V3A",59152343,1,49.100169,-122.670919,1,59,2,"Langley","C",1,1,503.04,20,9959,973,1,2,1,"LANGLEY","A","A",19830401,19000001,"South Surrey - White Rock - Langley","Vancouver","Greater Vancouver Regional District"
"42","V3A7H8",42,116939,5915,933,59023,"V3A",59152784,1,49.095114,-122.6644,0,59,2,"Langley","C",1,1,503.03,20,9959,973,1,1,1,"LANGLEY","A","A",19830401,19000001,"South Surrey - White Rock - Langley","Vancouver","Greater Vancouver Regional District"
"43","V3A8H5",43,79030,5915,933,59010,"V3A",59152381,1,49.09641,-122.627345,1,59,1,"Langley","DM",1,1,502.04,20,9959,973,1,1,1,"LANGLEY","A","A",19920801,19000001,"Langley - Abbotsford","Vancouver","Greater Vancouver Regional District"
"44","V3A8N1",44,79101,5915,933,59010,"V3A",59152372,2,49.08779,-122.623084,1,59,1,"Langley","DM",1,1,502.04,20,9959,973,1,1,1,"LANGLEY","A","A",19950201,19000001,"Langley - Abbotsford","Vancouver","Greater Vancouver Regional District"
"45","V3R0M5",45,83388,5915,933,59025,"V3R",59151866,1,49.191007,-122.810846,1,59,4,"Surrey","C",4,1,189.05,20,9959,973,1,1,1,"SURREY","A","A",19901201,19000001,"Surrey North / Surrey-Nord","Vancouver","Greater Vancouver Regional District"
"46","V3R0M7",46,81570,5915,933,59025,"V3R",59151862,2,49.185718,-122.806442,0,59,4,"Surrey","C",4,1,189.05,20,9959,973,1,1,1,"SURREY","B","B",19910101,19000001,"Surrey North / Surrey-Nord","Vancouver","Greater Vancouver Regional District"
"47","V3R0P9",47,108477,5915,933,59025,"V3R",59152008,1,49.182668,-122.811964,1,59,4,"Surrey","C",4,1,189.05,20,9959,973,1,1,1,"SURREY","A","A",19910801,19000001,"Surrey North / Surrey-Nord","Vancouver","Greater Vancouver Regional District"
"48","V3R1E6",48,84739,5915,933,59025,"V3R",59152005,1,49.176421,-122.804692,1,59,4,"Surrey","C",4,1,187.03,20,9959,973,1,1,1,"SURREY","A","A",19830401,19000001,"Surrey North / Surrey-Nord","Vancouver","Greater Vancouver Regional District"
"49","V3R1E7",49,55579,5915,933,59025,"V3R",59152004,1,49.177218,-122.809516,1,59,4,"Surrey","C",4,1,187.03,20,9959,973,1,1,1,"SURREY","A","A",19830401,19000001,"Surrey North / Surrey-Nord","Vancouver","Greater Vancouver Regional District"
"50","V3R1S9",50,109102,5915,933,59025,"V3R",59151937,2,49.195545,-122.820253,1,59,4,"Surrey","C",4,1,190.03,20,9959,973,1,1,1,"SURREY","A","A",19830401,19000001,"Surrey North / Surrey-Nord","Vancouver","Greater Vancouver Regional District"
"51","V3R1V3",51,108418,5915,933,59025,"V3R",59151871,1,49.198235,-122.809028,1,59,4,"Surrey","C",4,1,189.08,20,9959,973,1,1,1,"SURREY","A","A",19830401,19000001,"Surrey North / Surrey-Nord","Vancouver","Greater Vancouver Regional District"
"52","V3R1V7",52,108507,5915,933,59025,"V3R",59151937,1,49.198975,-122.819432,1,59,4,"Surrey","C",4,1,190.03,20,9959,973,1,1,1,"SURREY","A","A",19830401,19000001,"Surrey North / Surrey-Nord","Vancouver","Greater Vancouver Regional District"
"53","V3R1W6",72,46723,5915,933,59024,"V3R",59151879,1,49.196678,-122.797706,1,59,4,"Surrey","C",4,1,189.07,20,9959,973,1,1,1,"SURREY","A","A",19830401,19000001,"Surrey Central / Surrey-Centre","Vancouver","Greater Vancouver Regional District"
"54","V3R1W6",53,46723,5915,933,59024,"V3R",59151879,1,49.196678,-122.797706,1,59,4,"Surrey","C",4,1,189.07,20,9959,973,1,1,1,"SURREY","A","A",19830401,19000001,"Surrey Central / Surrey-Centre","Vancouver","Greater Vancouver Regional District"
"55","V3R3X4",54,139781,5915,933,59025,"V3R",59151869,2,49.192524,-122.812391,1,59,4,"Surrey","C",4,1,189.08,20,9959,973,1,1,1,"SURREY","A","A",19830401,19000001,"Surrey North / Surrey-Nord","Vancouver","Greater Vancouver Regional District"
"56","V3R4C5",55,80545,5915,933,59025,"V3R",59151875,1,49.198562,-122.806078,1,59,4,"Surrey","C",4,1,189.08,20,9959,973,1,1,1,"SURREY","B","B",19830401,19000001,"Surrey North / Surrey-Nord","Vancouver","Greater Vancouver Regional District"
"57","V3R4J9",56,38484,5915,933,59024,"V3R",59151879,1,49.19276,-122.79523,1,59,4,"Surrey","C",4,1,189.07,20,9959,973,1,1,1,"SURREY","A","A",19830401,19000001,"Surrey Central / Surrey-Centre","Vancouver","Greater Vancouver Regional District"
"58","V3R5G5",57,109231,5915,933,59025,"V3R",59151908,5,49.205652,-122.833424,1,59,4,"Surrey","C",4,1,190.04,20,9959,973,1,1,1,"SURREY","A","A",19830401,19000001,"Surrey North / Surrey-Nord","Vancouver","Greater Vancouver Regional District"
"59","V3R5L2",58,108542,5915,933,59025,"V3R",59151918,7,49.201483,-122.83922,1,59,4,"Surrey","C",4,1,190.05,20,9959,973,1,1,1,"SURREY","A","A",19830401,19000001,"Surrey North / Surrey-Nord","Vancouver","Greater Vancouver Regional District"
"60","V3R5M5",59,82317,5915,933,59025,"V3R",59151908,7,49.204766,-122.836662,1,59,4,"Surrey","C",4,1,190.04,20,9959,973,1,1,1,"SURREY","A","A",19830401,19000001,"Surrey North / Surrey-Nord","Vancouver","Greater Vancouver Regional District"
"61","V3R5W1",60,39546,5915,933,59024,"V3R",59151839,4,49.17024,-122.735448,1,59,4,"Surrey","C",4,1,182.05,20,9959,9959,3,1,1,"SURREY","A","A",19830401,19000001,"Surrey Central / Surrey-Centre","Vancouver","Greater Vancouver Regional District"
"62","V3R6A9",61,79430,5915,933,59025,"V3R",59151941,3,49.189829,-122.819687,1,59,4,"Surrey","C",4,1,189.06,20,9959,973,1,1,1,"SURREY","A","A",19830401,19000001,"Surrey North / Surrey-Nord","Vancouver","Greater Vancouver Regional District"
"63","V3R6S6",62,139505,5915,933,59025,"V3R",59151874,2,49.201892,-122.800731,1,59,4,"Surrey","C",4,1,189.03,20,9959,973,1,1,1,"SURREY","A","A",19830401,19000001,"Surrey North / Surrey-Nord","Vancouver","Greater Vancouver Regional District"
"64","V3R6Z9",63,81639,5915,933,59025,"V3R",59151992,2,49.165497,-122.816845,1,59,4,"Surrey","C",4,1,187.03,20,9959,973,1,1,1,"SURREY","A","A",19830401,19000001,"Surrey North / Surrey-Nord","Vancouver","Greater Vancouver Regional District"
"65","V3R7A4",64,83833,5915,933,59025,"V3R",59152003,3,49.171597,-122.807358,1,59,4,"Surrey","C",4,1,187.03,20,9959,973,1,1,1,"SURREY","A","A",19830401,19000001,"Surrey North / Surrey-Nord","Vancouver","Greater Vancouver Regional District"
"66","V3R7G1",65,107161,5915,933,59024,"V3R",59151855,2,49.180852,-122.796194,1,59,4,"Surrey","C",4,1,189.1,20,9959,973,1,1,1,"SURREY","A","A",19830401,19000001,"Surrey Central / Surrey-Centre","Vancouver","Greater Vancouver Regional District"
"67","V3R7P7",66,134471,5915,933,59024,"V3R",59151885,1,49.184528,-122.779521,1,59,4,"Surrey","C",4,1,189.09,20,9959,973,1,1,1,"SURREY","Z","A",19830401,19930101,"Surrey Central / Surrey-Centre","Vancouver","Greater Vancouver Regional District"
"68","V3R7V8",67,134529,5915,933,59024,"V3R",59151860,1,49.184236,-122.795499,1,59,4,"Surrey","C",4,1,189.1,20,9959,973,1,1,1,"SURREY","A","A",19830401,19000001,"Surrey Central / Surrey-Centre","Vancouver","Greater Vancouver Regional District"
"69","V3R7Y6",68,54577,5915,933,59025,"V3R",59151994,2,49.168303,-122.820154,0,59,4,"Surrey","C",4,1,187.03,20,9959,973,1,1,1,"SURREY","A","A",19830401,19000001,"Surrey North / Surrey-Nord","Vancouver","Greater Vancouver Regional District"
"70","V3R9B1",69,41144,5915,933,59024,"V3R",59151852,2,49.171422,-122.791637,1,59,4,"Surrey","C",4,1,187.09,20,9959,973,1,1,1,"SURREY","A","A",19860601,19000001,"Surrey Central / Surrey-Centre","Vancouver","Greater Vancouver Regional District"
"71","V3R9B7",70,49680,5915,933,59024,"V3R",59151851,2,49.173706,-122.791641,1,59,4,"Surrey","C",4,1,187.09,20,9959,973,1,1,1,"SURREY","A","A",19860601,19000001,"Surrey Central / Surrey-Centre","Vancouver","Greater Vancouver Regional District"
"72","V3R9Z2",71,78661,5915,933,59025,"V3R",59151857,1,49.177857,-122.803545,0,59,4,"Surrey","C",4,1,189.05,20,9959,973,1,1,1,"SURREY","A","A",19880301,19000001,"Surrey North / Surrey-Nord","Vancouver","Greater Vancouver Regional District"
"73","V3S0B8",74,109991,5915,933,59023,"V3S",59152681,4,49.045819,-122.75858,1,59,4,"Surrey","C",4,1,180,20,9959,1021,2,1,1,"SURREY","A","A",20010201,19000001,"South Surrey - White Rock - Langley","Vancouver","Greater Vancouver Regional District"
"74","V3S0B8",73,109991,5915,933,59023,"V3S",59152681,4,49.045819,-122.75858,1,59,4,"Surrey","C",4,1,180,20,9959,1021,2,1,1,"SURREY","A","A",20010201,19000001,"South Surrey - White Rock - Langley","Vancouver","Greater Vancouver Regional District"
"75","V3S0G5",75,85556,5915,933,59025,"V3S",59151894,9,49.203492,-122.764424,0,59,4,"Surrey","C",4,1,188.03,20,9959,9959,3,2,1,"SURREY","A","A",20010201,19000001,"Surrey North / Surrey-Nord","Vancouver","Greater Vancouver Regional District"
"76","V3S0H4",76,103973,5915,933,59023,"V3S",59152688,17,49.068443,-122.7904,0,59,4,"Surrey","C",4,1,180,20,9959,1021,2,1,1,"SURREY","A","A",20010201,19000001,"South Surrey - White Rock - Langley","Vancouver","Greater Vancouver Regional District"
"77","V3S0H6",77,110908,5915,933,59023,"V3S",59152666,1,49.038954,-122.790248,1,59,4,"Surrey","C",4,1,181.05,20,9959,1021,2,1,1,"SURREY","A","A",20010201,19000001,"South Surrey - White Rock - Langley","Vancouver","Greater Vancouver Regional District"
"78","V3S0L5",78,86617,5915,933,59023,"V3S",59152323,2,49.099422,-122.729047,0,59,4,"Surrey","C",4,1,182.01,20,9959,9959,3,1,2,"SURREY","H","H",20010201,19000001,"South Surrey - White Rock - Langley","Vancouver","Greater Vancouver Regional District"
"79","V3S0N3",79,49575,5915,933,59024,"V3S",59152035,1,49.153588,-122.802879,0,59,4,"Surrey","C",4,1,184.1,20,9959,973,1,2,1,"SURREY","A","A",20020101,19000001,"Surrey Central / Surrey-Centre","Vancouver","Greater Vancouver Regional District"
"80","V3S2A6",108,50237,5915,933,59024,"V3S",59152808,9,49.123657,-122.803874,1,59,4,"Surrey","C",4,1,184.06,20,9959,973,1,1,1,"SURREY","G","G",19830401,19000001,"Surrey Central / Surrey-Centre","Vancouver","Greater Vancouver Regional District"
"81","V3S2C8",80,50261,5915,933,59024,"V3S",59152808,3,49.12932,-122.81374,1,59,4,"Surrey","C",4,1,184.06,20,9959,973,1,1,1,"SURREY","A","A",19830401,19000001,"Surrey Central / Surrey-Centre","Vancouver","Greater Vancouver Regional District"
"82","V3S2N5",81,57411,5915,933,59024,"V3S",59152031,4,49.155869,-122.785115,1,59,4,"Surrey","C",4,1,187.08,20,9959,973,1,1,1,"SURREY","A","A",19830401,19000001,"Surrey Central / Surrey-Centre","Vancouver","Greater Vancouver Regional District"
"83","V3S3C4",82,133673,5915,933,59024,"V3S",59152298,1,49.11609,-122.812299,1,59,4,"Surrey","C",4,1,184.01,20,9959,973,1,1,1,"SURREY","A","A",19830401,19000001,"Surrey Central / Surrey-Centre","Vancouver","Greater Vancouver Regional District"
"84","V3S3G3",83,152289,5915,933,59024,"V3S",59152038,4,49.148986,-122.810129,1,59,4,"Surrey","C",4,1,184.1,20,9959,973,1,2,1,"SURREY","A","A",19830401,19000001,"Surrey Central / Surrey-Centre","Vancouver","Greater Vancouver Regional District"
"85","V3S3Y2",84,136464,5915,933,59024,"V3S",59152301,2,49.117826,-122.756975,1,59,4,"Surrey","C",4,1,182.02,20,9959,9959,3,1,1,"SURREY","A","A",19830401,19000001,"Surrey Central / Surrey-Centre","Vancouver","Greater Vancouver Regional District"
"86","V3S4J4",109,120905,5915,933,59024,"V3S",59152319,3,49.107543,-122.729999,1,59,4,"Surrey","C",4,1,183.03,20,9959,973,1,1,1,"SURREY","A","A",19830401,19000001,"Surrey Central / Surrey-Centre","Vancouver","Greater Vancouver Regional District"
"87","V3S4J6",85,41443,5915,933,59024,"V3S",59152317,2,49.109404,-122.729728,1,59,4,"Surrey","C",4,1,183.03,20,9959,973,1,1,1,"SURREY","B","B",19830401,19000001,"Surrey Central / Surrey-Centre","Vancouver","Greater Vancouver Regional District"
"88","V3S4R9",86,138757,5915,933,59024,"V3S",59152308,2,49.116072,-122.737534,1,59,4,"Surrey","C",4,1,183.01,20,9959,973,1,1,1,"SURREY","A","A",19830401,19000001,"Surrey Central / Surrey-Centre","Vancouver","Greater Vancouver Regional District"
"89","V3S4Y6",87,124611,5915,933,59024,"V3S",59152016,2,49.160955,-122.792585,0,59,4,"Surrey","C",4,1,187.09,20,9959,973,1,1,1,"SURREY","A","A",19830401,19000001,"Surrey Central / Surrey-Centre","Vancouver","Greater Vancouver Regional District"
"90","V3S5M4",88,133828,5915,933,59024,"V3S",59152039,3,49.14314,-122.81516,1,59,4,"Surrey","C",4,1,184.11,20,9959,973,1,1,1,"SURREY","A","A",19830401,19000001,"Surrey Central / Surrey-Centre","Vancouver","Greater Vancouver Regional District"
"91","V3S5S7",89,134368,5915,933,59024,"V3S",59152327,2,49.10949,-122.710956,1,59,4,"Surrey","C",4,1,183.07,20,9959,973,1,1,1,"SURREY","A","A",19830401,19000001,"Surrey Central / Surrey-Centre","Vancouver","Greater Vancouver Regional District"
"92","V3S6E5",90,133418,5915,933,59024,"V3S",59152325,3,49.106487,-122.715567,1,59,4,"Surrey","C",4,1,183.03,20,9959,973,1,1,1,"SURREY","A","A",19830501,19000001,"Surrey Central / Surrey-Centre","Vancouver","Greater Vancouver Regional District"
"93","V3S7A5",91,104904,5915,933,59024,"V3S",59151848,1,49.163757,-122.791866,1,59,4,"Surrey","C",4,1,187.09,20,9959,973,1,1,1,"SURREY","Z","A",19870201,20030201,"Surrey Central / Surrey-Centre","Vancouver","Greater Vancouver Regional District"
"94","V3S7J1",92,78368,5915,933,59024,"V3S",59152803,2,49.143415,-122.76266,0,59,4,"Surrey","C",4,1,182.04,20,9959,973,1,1,1,"SURREY","A","A",19880901,19000001,"Surrey Central / Surrey-Centre","Vancouver","Greater Vancouver Regional District"
"95","V3S7L1",93,107408,5915,933,59024,"V3S",59152335,2,49.112839,-122.68297,1,59,4,"Surrey","C",4,1,183.06,20,9959,973,1,1,1,"SURREY","A","A",19891101,19000001,"Surrey Central / Surrey-Centre","Vancouver","Greater Vancouver Regional District"
"96","V3S7L6",94,78511,5915,933,59024,"V3S",59152334,1,49.118823,-122.685816,1,59,4,"Surrey","C",4,1,183.06,20,9959,973,1,1,1,"SURREY","A","A",19891101,19000001,"Surrey Central / Surrey-Centre","Vancouver","Greater Vancouver Regional District"
"97","V3S7X7",95,38953,5915,933,59024,"V3S",59152034,2,49.149097,-122.796309,0,59,4,"Surrey","C",4,1,182.03,20,9959,973,1,1,1,"SURREY","A","A",19901201,19000001,"Surrey Central / Surrey-Centre","Vancouver","Greater Vancouver Regional District"
"98","V3S7Z8",96,40049,5915,933,59024,"V3S",59152338,2,49.109578,-122.697253,0,59,4,"Surrey","C",4,1,183.07,20,9959,973,1,1,1,"SURREY","A","A",19910501,19000001,"Surrey Central / Surrey-Centre","Vancouver","Greater Vancouver Regional District"
"99","V3S8C4",97,103923,5915,933,59023,"V3S",59152322,2,49.096138,-122.74654,1,59,4,"Surrey","C",4,1,182.01,20,9959,9959,3,2,3,"SURREY","K","K",19910901,19000001,"South Surrey - White Rock - Langley","Vancouver","Greater Vancouver Regional District"
"100","V3S8E7",98,39415,5915,933,59024,"V3S",59152301,1,49.119036,-122.770783,0,59,4,"Surrey","C",4,1,182.02,20,9959,9959,3,1,2,"SURREY","H","H",19920201,19000001,"Surrey Central / Surrey-Centre","Vancouver","Greater Vancouver Regional District"
"101","V3S8G7",99,38875,5915,933,59024,"V3S",59152332,4,49.116586,-122.692705,1,59,4,"Surrey","C",4,1,183.07,20,9959,973,1,1,1,"SURREY","A","A",19920701,19000001,"Surrey Central / Surrey-Centre","Vancouver","Greater Vancouver Regional District"
"102","V3S8P1",100,41879,5915,933,59024,"V3S",59152303,1,49.110033,-122.755304,0,59,4,"Surrey","C",4,1,183.01,20,9959,973,1,2,1,"SURREY","A","A",19940601,19000001,"Surrey Central / Surrey-Centre","Vancouver","Greater Vancouver Regional District"
"103","V3S8T5",101,47100,5915,933,59024,"V3S",59152027,1,49.152323,-122.774326,1,59,4,"Surrey","C",4,1,187.08,20,9959,973,1,1,1,"SURREY","A","A",19950401,19000001,"Surrey Central / Surrey-Centre","Vancouver","Greater Vancouver Regional District"
"104","V3S8Z5",102,120705,5915,933,59024,"V3S",59152297,2,49.105554,-122.815139,0,59,4,"Surrey","C",4,1,184.01,20,9959,973,1,2,1,"SURREY","A","B",19971001,19000001,"Surrey Central / Surrey-Centre","Vancouver","Greater Vancouver Regional District"
"105","V3S9B9",103,114977,5915,933,59024,"V3S",59152794,2,49.125329,-122.71205,1,59,4,"Surrey","C",4,1,183.05,20,9959,973,1,1,1,"SURREY","A","A",19980701,19000001,"Surrey Central / Surrey-Centre","Vancouver","Greater Vancouver Regional District"
"106","V3S9C1",104,120807,5915,933,59024,"V3S",59152794,2,49.126091,-122.710833,1,59,4,"Surrey","C",4,1,183.05,20,9959,973,1,1,1,"SURREY","A","A",19980701,19000001,"Surrey Central / Surrey-Centre","Vancouver","Greater Vancouver Regional District"
"107","V3S9L6",105,125638,5915,933,59024,"V3S",59152301,1,49.116557,-122.760825,1,59,4,"Surrey","C",4,1,182.02,20,9959,9959,3,1,1,"SURREY","A","A",20001101,19000001,"Surrey Central / Surrey-Centre","Vancouver","Greater Vancouver Regional District"
"108","V3S9N2",106,103953,5915,933,59023,"V3S",59152680,8,49.03509,-122.770072,1,59,4,"Surrey","C",4,1,180,20,9959,9959,3,1,1,"SURREY","A","A",20010201,19000001,"South Surrey - White Rock - Langley","Vancouver","Greater Vancouver Regional District"
"109","V3S9X7",107,102531,5915,933,59023,"V3S",59152680,9,49.031475,-122.762707,0,59,4,"Surrey","C",4,1,180,20,9959,9959,3,1,1,"SURREY","A","A",20010201,19000001,"South Surrey - White Rock - Langley","Vancouver","Greater Vancouver Regional District"
"110","V3T1L4",110,83534,5915,933,59025,"V3T",59151947,2,49.18566,-122.838731,1,59,4,"Surrey","C",4,1,190.01,20,9959,973,1,2,1,"SURREY","B","B",19830401,19000001,"Surrey North / Surrey-Nord","Vancouver","Greater Vancouver Regional District"
"111","V3T1N9",111,82472,5915,933,59025,"V3T",59152204,1,49.188165,-122.844318,1,59,4,"Surrey","C",4,1,190.01,20,9959,973,1,1,1,"SURREY","A","A",19830401,19000001,"Surrey North / Surrey-Nord","Vancouver","Greater Vancouver Regional District"
"112","V3T1P1",112,82473,5915,933,59025,"V3T",59151947,1,49.187975,-122.839037,1,59,4,"Surrey","C",4,1,190.01,20,9959,973,1,1,1,"SURREY","A","A",19830401,19000001,"Surrey North / Surrey-Nord","Vancouver","Greater Vancouver Regional District"
"113","V3T1R4",113,51500,5915,933,59025,"V3T",59152200,2,49.190235,-122.857204,1,59,4,"Surrey","C",4,1,191.03,20,9959,973,1,1,1,"SURREY","A","A",19830401,19000001,"Surrey North / Surrey-Nord","Vancouver","Greater Vancouver Regional District"
"114","V3T1S5",114,55808,5915,933,59025,"V3T",59152200,2,49.190962,-122.859644,1,59,4,"Surrey","C",4,1,191.03,20,9959,973,1,1,1,"SURREY","A","A",19830401,19000001,"Surrey North / Surrey-Nord","Vancouver","Greater Vancouver Regional District"
"115","V3T1T1",115,84810,5915,933,59025,"V3T",59151944,4,49.190988,-122.827242,1,59,4,"Surrey","C",4,1,189.06,20,9959,973,1,1,1,"SURREY","A","A",19830401,19000001,"Surrey North / Surrey-Nord","Vancouver","Greater Vancouver Regional District"
"116","V3T1Z2",116,56115,5915,933,59025,"V3T",59151928,3,49.193612,-122.854155,1,59,4,"Surrey","C",4,1,191.02,20,9959,973,1,1,1,"SURREY","B","B",19830401,19000001,"Surrey North / Surrey-Nord","Vancouver","Greater Vancouver Regional District"
"117","V3T2P4",117,79781,5915,933,59025,"V3T",59151923,5,49.203191,-122.862586,1,59,4,"Surrey","C",4,1,191.02,20,9959,973,1,1,1,"SURREY","A","A",19830401,19000001,"Surrey North / Surrey-Nord","Vancouver","Greater Vancouver Regional District"
"118","V3T2Y1",118,53250,5915,933,59025,"V3T",59152228,1,49.179149,-122.867803,0,59,4,"Surrey","C",4,1,191.03,20,9959,973,1,1,1,"SURREY","A","A",19830401,19000001,"Surrey North / Surrey-Nord","Vancouver","Greater Vancouver Regional District"
"119","V3T2Z1",119,83518,5915,933,59025,"V3T",59152193,4,49.186579,-122.868005,1,59,4,"Surrey","C",4,1,186.02,20,9959,973,1,1,1,"SURREY","A","A",19830401,19000001,"Surrey North / Surrey-Nord","Vancouver","Greater Vancouver Regional District"
"120","V3T3R3",120,56086,5915,933,59025,"V3T",59152229,2,49.17998,-122.857906,1,59,4,"Surrey","C",4,1,191.03,20,9959,973,1,1,1,"SURREY","A","A",19830401,19000001,"Surrey North / Surrey-Nord","Vancouver","Greater Vancouver Regional District"
"121","V3T3V2",121,55627,5915,933,59025,"V3T",59152200,1,49.191463,-122.856729,1,59,4,"Surrey","C",4,1,191.03,20,9959,973,1,1,1,"SURREY","A","A",19830401,19000001,"Surrey North / Surrey-Nord","Vancouver","Greater Vancouver Regional District"
"122","V3T3Y5",122,84460,5915,933,59025,"V3T",59152202,5,49.185908,-122.853801,1,59,4,"Surrey","C",4,1,191.04,20,9959,973,1,1,1,"SURREY","A","A",19830401,19000001,"Surrey North / Surrey-Nord","Vancouver","Greater Vancouver Regional District"
"123","V3T4J3",123,108364,5915,933,59025,"V3T",59151950,3,49.180044,-122.841941,1,59,4,"Surrey","C",4,1,190.01,20,9959,973,1,1,1,"SURREY","A","A",19830401,19000001,"Surrey North / Surrey-Nord","Vancouver","Greater Vancouver Regional District"
"124","V3T4K7",124,82016,5915,933,59025,"V3T",59151932,4,49.196257,-122.839729,1,59,4,"Surrey","C",4,1,190.03,20,9959,973,1,1,1,"SURREY","A","A",19830401,19000001,"Surrey North / Surrey-Nord","Vancouver","Greater Vancouver Regional District"
"125","V3T4L3",125,54686,5915,933,59025,"V3T",59151933,2,49.19437,-122.838302,1,59,4,"Surrey","C",4,1,190.03,20,9959,973,1,1,1,"SURREY","A","A",19830401,19000001,"Surrey North / Surrey-Nord","Vancouver","Greater Vancouver Regional District"
"126","V3T4L8",126,55056,5915,933,59025,"V3T",59151933,2,49.19549,-122.837107,1,59,4,"Surrey","C",4,1,190.03,20,9959,973,1,1,1,"SURREY","A","A",19830401,19000001,"Surrey North / Surrey-Nord","Vancouver","Greater Vancouver Regional District"
"127","V3T4T8",127,83927,5915,933,59025,"V3T",59151944,6,49.191375,-122.824321,1,59,4,"Surrey","C",4,1,189.06,20,9959,973,1,1,1,"SURREY","A","A",19830401,19000001,"Surrey North / Surrey-Nord","Vancouver","Greater Vancouver Regional District"
"128","V3T4T9",128,55498,5915,933,59025,"V3T",59151942,4,49.185525,-122.823282,0,59,4,"Surrey","C",4,1,189.06,20,9959,973,1,1,1,"SURREY","A","A",19830401,19000001,"Surrey North / Surrey-Nord","Vancouver","Greater Vancouver Regional District"
"129","V3T4V2",129,54773,5915,933,59025,"V3T",59151944,6,49.188908,-122.82325,0,59,4,"Surrey","C",4,1,189.06,20,9959,973,1,1,1,"SURREY","A","A",19830401,19000001,"Surrey North / Surrey-Nord","Vancouver","Greater Vancouver Regional District"
"130","V3T4W3",130,82153,5915,933,59025,"V3T",59151932,0,49.196252,-122.842473,1,59,4,"Surrey","C",4,1,190.03,20,9959,0,0,3,5,"SURREY","J","J",19830401,19000001,"Surrey North / Surrey-Nord","Vancouver","Greater Vancouver Regional District"
"131","V3T4X9",131,81077,5915,933,59025,"V3T",59151945,2,49.190384,-122.834135,1,59,4,"Surrey","C",4,1,190.01,20,9959,973,1,1,1,"SURREY","A","A",19830401,19000001,"Surrey North / Surrey-Nord","Vancouver","Greater Vancouver Regional District"
"132","V3T5H6",132,143130,5915,933,59025,"V3T",59152205,2,49.181392,-122.845698,1,59,4,"Surrey","C",4,1,191.04,20,9959,973,1,1,1,"SURREY","B","B",19830401,19000001,"Surrey North / Surrey-Nord","Vancouver","Greater Vancouver Regional District"
"133","V3T5J7",133,83443,5915,933,59025,"V3T",59152203,4,49.189097,-122.853106,1,59,4,"Surrey","C",4,1,191.04,20,9959,973,1,1,1,"SURREY","A","A",19830401,19000001,"Surrey North / Surrey-Nord","Vancouver","Greater Vancouver Regional District"
"134","V3V!C7",134,NA,NA,NA,NA,NA,NA,NA,NA,NA,NA,NA,NA,NA,NA,NA,NA,NA,NA,NA,NA,NA,NA,NA,NA,NA,NA,NA,NA,NA,NA,NA
"135","V3V1V8",135,79750,5915,933,59025,"V3V",59152186,6,49.177539,-122.907411,0,59,4,"Surrey","C",4,1,186.01,20,9959,973,1,1,1,"SURREY","A","A",19830401,19000001,"Surrey North / Surrey-Nord","Vancouver","Greater Vancouver Regional District"
"136","V3V2C6",136,110082,5915,933,59025,"V3V",59152181,4,49.17907,-122.888137,1,59,4,"Surrey","C",4,1,186.01,20,9959,973,1,1,1,"SURREY","A","A",19830401,19000001,"Surrey North / Surrey-Nord","Vancouver","Greater Vancouver Regional District"
"137","V3V2C9",137,81656,5915,933,59025,"V3V",59152178,4,49.17908,-122.884714,1,59,4,"Surrey","C",4,1,186.01,20,9959,973,1,1,1,"SURREY","A","A",19830401,19000001,"Surrey North / Surrey-Nord","Vancouver","Greater Vancouver Regional District"
"138","V3V2N8",138,80655,5915,933,59025,"V3V",59152191,1,49.182961,-122.879695,1,59,4,"Surrey","C",4,1,186.02,20,9959,973,1,1,1,"SURREY","A","A",19830401,19000001,"Surrey North / Surrey-Nord","Vancouver","Greater Vancouver Regional District"
"139","V3V2S4",139,139733,5915,933,59025,"V3V",59152186,6,49.178471,-122.908766,1,59,4,"Surrey","C",4,1,186.01,20,9959,973,1,1,1,"SURREY","A","A",19830401,19000001,"Surrey North / Surrey-Nord","Vancouver","Greater Vancouver Regional District"
"140","V3V2V3",140,81799,5915,933,59025,"V3V",59152186,1,49.18326,-122.903099,1,59,4,"Surrey","C",4,1,186.01,20,9959,973,1,1,1,"SURREY","A","A",19830401,19000001,"Surrey North / Surrey-Nord","Vancouver","Greater Vancouver Regional District"
"141","V3V3A2",141,82587,5915,933,59025,"V3V",59152190,1,49.18713,-122.883426,1,59,4,"Surrey","C",4,1,186.01,20,9959,973,1,1,1,"SURREY","A","A",19830401,19000001,"Surrey North / Surrey-Nord","Vancouver","Greater Vancouver Regional District"
"142","V3V4N7",142,84313,5915,933,59025,"V3V",59152179,3,49.179662,-122.88214,1,59,4,"Surrey","C",4,1,186.01,20,9959,973,1,1,1,"SURREY","A","A",19830401,19000001,"Surrey North / Surrey-Nord","Vancouver","Greater Vancouver Regional District"
"143","V3V5N9",143,51505,5915,933,59025,"V3V",59152213,1,49.176781,-122.861705,1,59,4,"Surrey","C",4,1,186.08,20,9959,973,1,1,1,"SURREY","A","A",19830401,19000001,"Surrey North / Surrey-Nord","Vancouver","Greater Vancouver Regional District"
"144","V3V5Y4",144,80017,5915,933,59025,"V3V",59151953,3,49.174687,-122.836078,1,59,4,"Surrey","C",4,1,187.04,20,9959,973,1,1,1,"SURREY","A","A",19830401,19000001,"Surrey North / Surrey-Nord","Vancouver","Greater Vancouver Regional District"
"145","V3V6B9",145,82329,5915,933,59025,"V3V",59152177,2,49.173731,-122.887611,1,59,4,"Surrey","C",4,1,186.05,20,9959,973,1,1,1,"SURREY","A","A",19830401,19000001,"Surrey North / Surrey-Nord","Vancouver","Greater Vancouver Regional District"
"146","V3V6C3",146,139195,5915,933,59025,"V3V",59152216,1,49.174794,-122.867965,1,59,4,"Surrey","C",4,1,186.08,20,9959,973,1,1,1,"SURREY","B","B",19830401,19000001,"Surrey North / Surrey-Nord","Vancouver","Greater Vancouver Regional District"
"147","V3V6G1",147,81626,5915,933,59025,"V3V",59152234,5,49.169601,-122.869077,1,59,4,"Surrey","C",4,1,186.06,20,9959,973,1,1,1,"SURREY","A","A",19830401,19000001,"Surrey North / Surrey-Nord","Vancouver","Greater Vancouver Regional District"
"148","V3V6L8",148,58351,5915,933,59025,"V3V",59151959,2,49.164563,-122.84003,0,59,4,"Surrey","C",4,1,187.05,20,9959,973,1,1,1,"SURREY","A","A",19830401,19000001,"Surrey North / Surrey-Nord","Vancouver","Greater Vancouver Regional District"
"149","V3V6N4",149,84974,5915,933,59025,"V3V",59152220,2,49.171451,-122.874605,1,59,4,"Surrey","C",4,1,186.05,20,9959,973,1,1,1,"SURREY","A","A",19830401,19000001,"Surrey North / Surrey-Nord","Vancouver","Greater Vancouver Regional District"
"150","V3V7J5",150,83351,5915,933,59025,"V3V",59152222,2,49.173088,-122.878592,0,59,4,"Surrey","C",4,1,186.05,20,9959,973,1,1,1,"SURREY","A","A",19830501,19000001,"Surrey North / Surrey-Nord","Vancouver","Greater Vancouver Regional District"
"151","V3V7K8",151,109253,5915,933,59025,"V3V",59152175,4,49.17121,-122.887312,0,59,4,"Surrey","C",4,1,186.05,20,9959,973,1,1,1,"SURREY","A","A",19830701,19000001,"Surrey North / Surrey-Nord","Vancouver","Greater Vancouver Regional District"
"152","V3V7T3",152,82065,5915,933,59025,"V3V",59151996,1,49.165794,-122.830831,0,59,4,"Surrey","C",4,1,187.05,20,9959,973,1,1,1,"SURREY","A","A",19880801,19000001,"Surrey North / Surrey-Nord","Vancouver","Greater Vancouver Regional District"
"153","V3V7X9",153,55305,5915,933,59025,"V3V",59151995,1,49.16761,-122.826453,1,59,4,"Surrey","C",4,1,187.05,20,9959,973,1,1,1,"SURREY","A","A",19910301,19000001,"Surrey North / Surrey-Nord","Vancouver","Greater Vancouver Regional District"
"154","V3V7Z3",154,83288,5915,933,59025,"V3V",59152218,1,49.175905,-122.871531,1,59,4,"Surrey","C",4,1,186.05,20,9959,973,1,1,1,"SURREY","A","A",19920501,19000001,"Surrey North / Surrey-Nord","Vancouver","Greater Vancouver Regional District"
"155","V3W0J4",155,39221,5915,933,59024,"V3W",59151981,2,49.152329,-122.824374,1,59,4,"Surrey","C",4,1,184.05,20,9959,973,1,1,1,"SURREY","A","A",19880401,19000001,"Surrey Central / Surrey-Centre","Vancouver","Greater Vancouver Regional District"
"156","V3W0L1",156,69500,5915,933,59024,"V3W",59152239,1,49.161795,-122.865328,0,59,4,"Surrey","C",4,1,185.15,20,9959,973,1,1,1,"SURREY","A","A",19880901,19000001,"Surrey Central / Surrey-Centre","Vancouver","Greater Vancouver Regional District"
"157","V3W0N7",157,123934,5915,933,59024,"V3W",59151986,1,49.162084,-122.826529,0,59,4,"Surrey","C",4,1,184.05,20,9959,973,1,1,1,"SURREY","A","A",19890201,19000001,"Surrey Central / Surrey-Centre","Vancouver","Greater Vancouver Regional District"
"158","V3W0P9",158,69668,5915,933,59024,"V3W",59151968,1,49.153653,-122.853846,1,59,4,"Surrey","C",4,1,185.15,20,9959,973,1,1,1,"SURREY","A","A",19890201,19000001,"Surrey Central / Surrey-Centre","Vancouver","Greater Vancouver Regional District"
"159","V3W0R5",159,40279,5915,933,59024,"V3W",59152099,1,49.139437,-122.878224,0,59,4,"Surrey","C",4,1,185.1,20,9959,973,1,1,1,"SURREY","A","A",19890201,19000001,"Surrey Central / Surrey-Centre","Vancouver","Greater Vancouver Regional District"
"160","V3W0T9",160,106952,5915,933,59024,"V3W",59152078,1,49.133112,-122.877002,1,59,4,"Surrey","C",4,1,185.14,20,9959,973,1,1,1,"SURREY","A","A",19900101,19000001,"Surrey Central / Surrey-Centre","Vancouver","Greater Vancouver Regional District"
"161","V3W0V1",161,106228,5915,933,59024,"V3W",59152288,1,49.106562,-122.887498,0,59,4,"Surrey","C",4,1,185.06,20,9959,973,1,1,1,"SURREY","Z","A",19900101,19930101,"Surrey Central / Surrey-Centre","Vancouver","Greater Vancouver Regional District"
"162","V3W0W2",162,120138,5915,933,59024,"V3W",59151981,2,49.152966,-122.83053,0,59,4,"Surrey","C",4,1,184.05,20,9959,973,1,2,1,"SURREY","A","A",19900101,19000001,"Surrey Central / Surrey-Centre","Vancouver","Greater Vancouver Regional District"
"163","V3W0W4",163,40325,5915,933,59024,"V3W",59151988,1,49.155936,-122.828707,0,59,4,"Surrey","C",4,1,184.05,20,9959,973,1,1,1,"SURREY","A","A",19900101,19000001,"Surrey Central / Surrey-Centre","Vancouver","Greater Vancouver Regional District"
"164","V3W1K5",164,119515,5915,933,59024,"V3W",59152064,0,49.107568,-122.862458,0,59,4,"Surrey","C",4,1,185.07,20,9959,0,0,3,1,"SURREY","Z","E",19830401,19930101,"Surrey Central / Surrey-Centre","Vancouver","Greater Vancouver Regional District"
"165","V3W1P3",165,104899,5915,933,59024,"V3W",59152293,0,49.099135,-122.835218,1,59,4,"Surrey","C",4,1,184.01,20,9959,0,0,3,1,"SURREY","Z","A",19830401,19930101,"Surrey Central / Surrey-Centre","Vancouver","Greater Vancouver Regional District"
"166","V3W2A9",166,105390,5915,933,59024,"V3W",59152811,2,49.123081,-122.869242,1,59,4,"Surrey","C",4,1,185.13,20,9959,973,1,1,1,"SURREY","A","A",19830401,19000001,"Surrey Central / Surrey-Centre","Vancouver","Greater Vancouver Regional District"
"167","V3W2G9",167,41388,5915,933,59024,"V3W",59152251,6,49.126979,-122.839533,1,59,4,"Surrey","C",4,1,184.07,20,9959,973,1,1,1,"SURREY","A","A",19830401,19000001,"Surrey Central / Surrey-Centre","Vancouver","Greater Vancouver Regional District"
"168","V3W2G9",168,41388,5915,933,59024,"V3W",59152251,6,49.126979,-122.839533,1,59,4,"Surrey","C",4,1,184.07,20,9959,973,1,1,1,"SURREY","A","A",19830401,19000001,"Surrey Central / Surrey-Centre","Vancouver","Greater Vancouver Regional District"
"169","V3W2N1",169,120223,5915,933,59024,"V3W",59152243,2,49.134222,-122.865201,1,59,4,"Surrey","C",4,1,185.16,20,9959,973,1,1,1,"SURREY","A","A",19830401,19000001,"Surrey Central / Surrey-Centre","Vancouver","Greater Vancouver Regional District"
"170","V3W2Y8",170,121488,5915,933,59024,"V3W",59151973,3,49.146532,-122.850715,1,59,4,"Surrey","C",4,1,185.16,20,9959,973,1,1,1,"SURREY","A","A",19830401,19000001,"Surrey Central / Surrey-Centre","Vancouver","Greater Vancouver Regional District"
"171","V3W2Z1",171,38117,5915,933,59024,"V3W",59151975,1,49.146692,-122.839077,1,59,4,"Surrey","C",4,1,184.02,20,9959,973,1,1,1,"SURREY","A","A",19830401,19000001,"Surrey Central / Surrey-Centre","Vancouver","Greater Vancouver Regional District"
"172","V3W3E3",172,109525,5915,933,59024,"V3W",59152105,1,49.152329,-122.884594,0,59,4,"Surrey","C",4,1,185.09,20,9959,973,1,1,1,"SURREY","A","A",19830401,19000001,"Surrey Central / Surrey-Centre","Vancouver","Greater Vancouver Regional District"
"173","V3W3H5",173,49410,5915,933,59024,"V3W",59152172,3,49.158281,-122.88327,1,59,4,"Surrey","C",4,1,185.09,20,9959,973,1,1,1,"SURREY","A","A",19830401,19000001,"Surrey Central / Surrey-Centre","Vancouver","Greater Vancouver Regional District"
"174","V3W3N2",174,41723,5915,933,59024,"V3W",59152119,1,49.145712,-122.890404,1,59,4,"Surrey","C",4,1,185.11,20,9959,973,1,1,1,"SURREY","A","A",19830401,19000001,"Surrey Central / Surrey-Centre","Vancouver","Greater Vancouver Regional District"
"175","V3W3W2",175,49590,5915,933,59024,"V3W",59152103,4,49.146804,-122.880493,1,59,4,"Surrey","C",4,1,185.11,20,9959,973,1,1,1,"SURREY","A","A",19830401,19000001,"Surrey Central / Surrey-Centre","Vancouver","Greater Vancouver Regional District"
"176","V3W3X7",176,49973,5915,933,59024,"V3W",59152103,4,49.146808,-122.879357,1,59,4,"Surrey","C",4,1,185.11,20,9959,973,1,1,1,"SURREY","A","A",19830401,19000001,"Surrey Central / Surrey-Centre","Vancouver","Greater Vancouver Regional District"
"177","V3W4B9",177,48590,5915,933,59024,"V3W",59152064,1,49.11049,-122.867912,1,59,4,"Surrey","C",4,1,185.07,20,9959,973,1,1,1,"SURREY","Z","A",19830401,19930101,"Surrey Central / Surrey-Centre","Vancouver","Greater Vancouver Regional District"
"178","V3W4E4",178,42051,5915,933,59024,"V3W",59152098,1,49.135961,-122.868261,0,59,4,"Surrey","C",4,1,185.1,20,9959,973,1,1,1,"SURREY","A","A",19830401,19000001,"Surrey Central / Surrey-Centre","Vancouver","Greater Vancouver Regional District"
"179","V3W4J3",179,51953,5915,933,59024,"V3W",59152071,2,49.122835,-122.862299,0,59,4,"Surrey","C",4,1,185.12,20,9959,973,1,1,1,"SURREY","A","A",19830401,19000001,"Surrey Central / Surrey-Centre","Vancouver","Greater Vancouver Regional District"
"180","V3W4J8",180,58887,5915,933,59024,"V3W",59152243,2,49.13505,-122.862433,1,59,4,"Surrey","C",4,1,185.16,20,9959,973,1,1,1,"SURREY","A","A",19830401,19000001,"Surrey Central / Surrey-Centre","Vancouver","Greater Vancouver Regional District"
"181","V3W4T3",181,43311,5915,933,59024,"V3W",59152248,1,49.132545,-122.851031,1,59,4,"Surrey","C",4,1,185.05,20,9959,973,1,1,1,"SURREY","A","A",19830401,19000001,"Surrey Central / Surrey-Centre","Vancouver","Greater Vancouver Regional District"
"182","V3W4W6",182,120980,5915,933,59024,"V3W",59152249,2,49.12955,-122.848354,1,59,4,"Surrey","C",4,1,185.05,20,9959,973,1,1,1,"SURREY","A","A",19830401,19000001,"Surrey Central / Surrey-Centre","Vancouver","Greater Vancouver Regional District"
"183","V3W5J6",190,121126,5915,933,59024,"V3W",59152253,1,49.135797,-122.834817,1,59,4,"Surrey","C",4,1,184.02,20,9959,973,1,1,1,"SURREY","A","A",19830401,19000001,"Surrey Central / Surrey-Centre","Vancouver","Greater Vancouver Regional District"
"184","V3W5S5",183,136181,5915,933,59024,"V3W",59152807,2,49.134489,-122.823375,1,59,4,"Surrey","C",4,1,184.11,20,9959,973,1,1,1,"SURREY","A","A",19830401,19000001,"Surrey Central / Surrey-Centre","Vancouver","Greater Vancouver Regional District"
"185","V3W6X6",184,49584,5915,933,59024,"V3W",59152054,2,49.124242,-122.840697,1,59,4,"Surrey","C",4,1,184.08,20,9959,973,1,1,1,"SURREY","A","A",19830401,19000001,"Surrey Central / Surrey-Centre","Vancouver","Greater Vancouver Regional District"
"186","V3W6Z3",185,123963,5915,933,59024,"V3W",59152243,1,49.135017,-122.864046,0,59,4,"Surrey","C",4,1,185.16,20,9959,973,1,1,1,"SURREY","A","A",19830401,19000001,"Surrey Central / Surrey-Centre","Vancouver","Greater Vancouver Regional District"
"187","V3W8A2",186,95805,5915,933,59024,"V3W",59152250,2,49.131049,-122.852432,0,59,4,"Surrey","C",4,1,185.05,20,9959,973,1,1,1,"SURREY","A","A",19830401,19000001,"Surrey Central / Surrey-Centre","Vancouver","Greater Vancouver Regional District"
"188","V3W8H4",187,131992,5915,933,59024,"V3W",59151972,3,49.146711,-122.85186,1,59,4,"Surrey","C",4,1,185.16,20,9959,973,1,1,1,"SURREY","A","A",19830501,19000001,"Surrey Central / Surrey-Centre","Vancouver","Greater Vancouver Regional District"
"189","V3W8P2",188,121158,5915,933,59024,"V3W",59152101,1,49.144091,-122.87592,0,59,4,"Surrey","C",4,1,185.1,20,9959,973,1,1,1,"SURREY","A","A",19830501,19000001,"Surrey Central / Surrey-Centre","Vancouver","Greater Vancouver Regional District"
"190","V3W9C4",189,133869,5915,933,59024,"V3W",59152054,2,49.125983,-122.84291,1,59,4,"Surrey","C",4,1,184.08,20,9959,973,1,1,1,"SURREY","A","A",19850501,19000001,"Surrey Central / Surrey-Centre","Vancouver","Greater Vancouver Regional District"
"191","V3X1J7",191,41644,5915,933,59024,"V3X",59152060,3,49.11785,-122.848485,0,59,4,"Surrey","C",4,1,185.07,20,9959,973,1,1,1,"SURREY","A","A",19900901,19000001,"Surrey Central / Surrey-Centre","Vancouver","Greater Vancouver Regional District"
"192","V3X1M1",192,136091,5915,933,59024,"V3X",59152061,1,49.113446,-122.850028,1,59,4,"Surrey","C",4,1,185.07,20,9959,973,1,1,1,"SURREY","A","A",19900901,19000001,"Surrey Central / Surrey-Centre","Vancouver","Greater Vancouver Regional District"
"193","V3X2B6",193,139574,5915,933,59024,"V3X",59152282,1,49.111752,-122.886734,1,59,4,"Surrey","C",4,1,185.06,20,9959,973,1,1,1,"SURREY","A","A",19900901,19000001,"Surrey Central / Surrey-Centre","Vancouver","Greater Vancouver Regional District"
"194","V3X2H8",194,144055,5915,933,59024,"V3X",59152062,1,49.115432,-122.855466,1,59,4,"Surrey","C",4,1,185.07,20,9959,973,1,1,1,"SURREY","A","A",19900901,19000001,"Surrey Central / Surrey-Centre","Vancouver","Greater Vancouver Regional District"
"195","V3X2N2",195,147388,5915,933,59024,"V3X",59152296,2,49.112031,-122.831848,1,59,4,"Surrey","C",4,1,184.01,20,9959,973,1,1,1,"SURREY","A","A",19900901,19000001,"Surrey Central / Surrey-Centre","Vancouver","Greater Vancouver Regional District"
"196","V3X3A6",196,133317,5915,933,59024,"V3X",59152294,7,49.104572,-122.827646,1,59,4,"Surrey","C",4,1,184.01,20,9959,973,1,1,1,"SURREY","A","A",19900901,19000001,"Surrey Central / Surrey-Centre","Vancouver","Greater Vancouver Regional District"
"197","V3X3J1",197,42653,5915,933,59024,"V3X",59152293,2,49.109022,-122.841912,0,59,4,"Surrey","C",4,1,184.01,20,9959,973,1,2,1,"SURREY","A","A",19920201,19000001,"Surrey Central / Surrey-Centre","Vancouver","Greater Vancouver Regional District"
"198","V3X3J5",198,110454,5915,933,59024,"V3X",59152067,1,49.118487,-122.867097,0,59,4,"Surrey","C",4,1,185.07,20,9959,973,1,1,1,"SURREY","A","A",19930101,19000001,"Surrey Central / Surrey-Centre","Vancouver","Greater Vancouver Regional District"
"199","V3X3J7",199,43757,5915,933,59024,"V3X",59152295,1,49.118013,-122.841316,0,59,4,"Surrey","C",4,1,184.01,20,9959,973,1,1,1,"SURREY","A","A",19930601,19000001,"Surrey Central / Surrey-Centre","Vancouver","Greater Vancouver Regional District"
"200","V3X3L6",200,41749,5915,933,59024,"V3X",59152296,2,49.114083,-122.831858,0,59,4,"Surrey","C",4,1,184.01,20,9959,973,1,2,1,"SURREY","A","A",19961001,19000001,"Surrey Central / Surrey-Centre","Vancouver","Greater Vancouver Regional District"
"201","V3X3N5",201,50656,5915,933,59025,"V3X",59152188,11,49.191706,-122.882958,0,59,4,"Surrey","C",4,1,192,20,9959,973,1,2,1,"SURREY","B","B",19981101,19000001,"Surrey North / Surrey-Nord","Vancouver","Greater Vancouver Regional District"
"202","V3X3R1",202,39019,5915,933,59024,"V3X",59152300,4,49.113046,-122.798972,0,59,4,"Surrey","C",4,1,182.03,20,9959,973,1,2,1,"SURREY","A","A",20020801,19000001,"Surrey Central / Surrey-Centre","Vancouver","Greater Vancouver Regional District"
"203","V3X3S2",203,38651,5915,933,59024,"V3X",59152293,2,49.109022,-122.841912,1,59,4,"Surrey","C",4,1,184.01,20,9959,973,1,2,1,"SURREY","A","A",20030301,19000001,"Surrey Central / Surrey-Centre","Vancouver","Greater Vancouver Regional District"
"204","V4A1A6",204,111057,5915,933,59023,"V4A",59152580,1,49.018521,-122.778415,1,59,4,"Surrey","C",4,1,181.06,20,9959,1021,2,1,1,"SURREY","A","A",19830401,19000001,"South Surrey - White Rock - Langley","Vancouver","Greater Vancouver Regional District"
"205","V4A1M5",205,103872,5915,933,59023,"V4A",59152620,5,49.030485,-122.8577,1,59,4,"Surrey","C",4,1,181.08,20,9959,1021,2,1,1,"SURREY","A","A",19830401,19000001,"South Surrey - White Rock - Langley","Vancouver","Greater Vancouver Regional District"
"206","V4A1T8",206,102495,5915,933,59023,"V4A",59152662,1,49.033214,-122.797833,0,59,4,"Surrey","C",4,1,181.05,20,9959,1021,2,1,1,"SURREY","A","A",19830401,19000001,"South Surrey - White Rock - Langley","Vancouver","Greater Vancouver Regional District"
"207","V4A1W5",219,103972,5915,933,59023,"V4A",59152692,1,49.035135,-122.844749,1,59,4,"Surrey","C",4,1,181.09,20,9959,1021,2,1,1,"SURREY","A","A",19830401,19000001,"South Surrey - White Rock - Langley","Vancouver","Greater Vancouver Regional District"
"208","V4A2J6",207,108183,5915,933,59023,"V4A",59152653,2,49.04593,-122.789068,1,59,4,"Surrey","C",4,1,181.04,20,9959,1021,2,1,1,"SURREY","A","A",19830401,19000001,"South Surrey - White Rock - Langley","Vancouver","Greater Vancouver Regional District"
"209","V4A3E9",208,109536,5915,933,59023,"V4A",59152693,29,49.051215,-122.883426,0,59,4,"Surrey","C",4,1,181.03,20,9959,1021,2,1,1,"SURREY","A","A",19830401,19000001,"South Surrey - White Rock - Langley","Vancouver","Greater Vancouver Regional District"
"210","V4A4T7",209,102283,5915,933,59023,"V4A",59152665,1,49.037956,-122.790543,0,59,4,"Surrey","C",4,1,181.05,20,9959,1021,2,1,1,"SURREY","A","A",19830401,19000001,"South Surrey - White Rock - Langley","Vancouver","Greater Vancouver Regional District"
"211","V4A4W1",210,102300,5915,933,59023,"V4A",59152664,6,49.033151,-122.788806,1,59,4,"Surrey","C",4,1,181.05,20,9959,1021,2,1,1,"SURREY","A","A",19830401,19000001,"South Surrey - White Rock - Langley","Vancouver","Greater Vancouver Regional District"
"212","V4A5A3",211,112194,5915,933,59023,"V4A",59152666,1,49.040832,-122.787668,1,59,4,"Surrey","C",4,1,181.05,20,9959,1021,2,1,1,"SURREY","A","A",19830401,19000001,"South Surrey - White Rock - Langley","Vancouver","Greater Vancouver Regional District"
"213","V4A6A4",212,87034,5915,933,59023,"V4A",59152609,1,49.029937,-122.853274,1,59,4,"Surrey","C",4,1,181.08,20,9959,1021,2,1,1,"SURREY","A","A",19830401,19000001,"South Surrey - White Rock - Langley","Vancouver","Greater Vancouver Regional District"
"214","V4A6P9",213,111866,5915,933,59023,"V4A",59152611,4,49.033789,-122.856793,1,59,4,"Surrey","C",4,1,181.09,20,9959,1021,2,2,1,"SURREY","A","A",19830401,19000001,"South Surrey - White Rock - Langley","Vancouver","Greater Vancouver Regional District"
"215","V4A7A6",214,109433,5915,933,59023,"V4A",59152661,1,49.035084,-122.805947,1,59,4,"Surrey","C",4,1,181.01,20,9959,1021,2,2,1,"SURREY","B","B",19830401,19000001,"South Surrey - White Rock - Langley","Vancouver","Greater Vancouver Regional District"
"216","V4A7T7",215,117284,5915,933,59023,"V4A",59152672,4,49.025263,-122.778163,1,59,4,"Surrey","C",4,1,181.06,20,9959,1021,2,1,1,"SURREY","A","A",19840701,19000001,"South Surrey - White Rock - Langley","Vancouver","Greater Vancouver Regional District"
"217","V4A7Y3",216,86890,5915,933,59023,"V4A",59152602,0,49.041776,-122.821012,1,59,4,"Surrey","C",4,1,181.01,20,9959,0,0,3,1,"WHITE ROCK","Z","A",19850201,19930101,"South Surrey - White Rock - Langley","Vancouver","Greater Vancouver Regional District"
"218","V4A8E8",217,86962,5915,933,59023,"V4A",59152675,3,49.02305,-122.769556,0,59,4,"Surrey","C",4,1,181.06,20,9959,1021,2,1,1,"SURREY","A","A",19860501,19000001,"South Surrey - White Rock - Langley","Vancouver","Greater Vancouver Regional District"
"219","V4A9T8",218,117276,5915,933,59023,"V4A",59152580,1,49.020221,-122.771659,1,59,4,"Surrey","C",4,1,181.06,20,9959,1021,2,1,1,"SURREY","A","A",19940401,19000001,"South Surrey - White Rock - Langley","Vancouver","Greater Vancouver Regional District"
"220","V4B2B3",220,100571,5915,933,59023,"V4B",59152624,7,49.025151,-122.808268,1,59,7,"White Rock","C",4,1,170.03,20,9959,1021,2,1,1,"WHITE ROCK","A","A",19830401,19000001,"South Surrey - White Rock - Langley","Vancouver","Greater Vancouver Regional District"
"221","V4B2G5",221,86823,5915,933,59023,"V4B",59152586,3,49.0259,-122.791145,0,59,7,"White Rock","C",4,1,170.06,20,9959,1021,2,1,1,"WHITE ROCK","A","A",19830401,19000001,"South Surrey - White Rock - Langley","Vancouver","Greater Vancouver Regional District"
"222","V4B2Y8",222,87295,5915,933,59023,"V4B",59152608,2,49.029672,-122.840825,1,59,7,"White Rock","C",4,1,170.04,20,9959,1021,2,1,1,"WHITE ROCK","A","A",19830401,19000001,"South Surrey - White Rock - Langley","Vancouver","Greater Vancouver Regional District"
"223","V4B3C3",223,86803,5915,933,59023,"V4B",59152604,3,49.031462,-122.83139,0,59,4,"Surrey","C",4,1,181.01,20,9959,1021,2,1,1,"WHITE ROCK","A","A",19830401,19000001,"South Surrey - White Rock - Langley","Vancouver","Greater Vancouver Regional District"
"224","V4B3V5",224,118488,5915,933,59023,"V4B",59152594,1,49.028876,-122.806786,1,59,7,"White Rock","C",4,1,170.03,20,9959,1021,2,1,1,"WHITE ROCK","B","B",19830401,19000001,"South Surrey - White Rock - Langley","Vancouver","Greater Vancouver Regional District"
"225","V4B3W8",225,119233,5915,933,59023,"V4B",59152594,1,49.029619,-122.805685,1,59,7,"White Rock","C",4,1,170.03,20,9959,1021,2,1,1,"WHITE ROCK","A","A",19830401,19000001,"South Surrey - White Rock - Langley","Vancouver","Greater Vancouver Regional District"
"226","V4B4W6",232,117997,5915,933,59023,"V4B",59152582,5,49.019526,-122.782046,1,59,7,"White Rock","C",4,1,170.06,20,9959,1021,2,1,1,"WHITE ROCK","A","A",19830401,19000001,"South Surrey - White Rock - Langley","Vancouver","Greater Vancouver Regional District"
"227","V4B4W7",226,117998,5915,933,59023,"V4B",59152582,2,49.021348,-122.782379,1,59,7,"White Rock","C",4,1,170.06,20,9959,1021,2,1,1,"WHITE ROCK","A","A",19830401,19000001,"South Surrey - White Rock - Langley","Vancouver","Greater Vancouver Regional District"
"228","V4B4X2",227,117032,5915,933,59023,"V4B",59152581,2,49.017681,-122.780624,1,59,7,"White Rock","C",4,1,170.06,20,9959,1021,2,1,1,"WHITE ROCK","A","A",19830401,19000001,"South Surrey - White Rock - Langley","Vancouver","Greater Vancouver Regional District"
"229","V4B4Y3",228,86742,5915,933,59023,"V4B",59152671,4,49.029111,-122.781053,1,59,7,"White Rock","C",4,1,170.06,20,9959,1021,2,1,1,"WHITE ROCK","A","A",19830401,19000001,"South Surrey - White Rock - Langley","Vancouver","Greater Vancouver Regional District"
"230","V4B5E1",229,87167,5915,933,59023,"V4B",59152606,7,49.027707,-122.845538,0,59,7,"White Rock","C",4,1,170.04,20,9959,1021,2,1,1,"WHITE ROCK","A","A",19830401,19000001,"South Surrey - White Rock - Langley","Vancouver","Greater Vancouver Regional District"
"231","V4B5G6",230,113137,5915,933,59023,"V4B",59152624,1,49.027056,-122.808348,1,59,7,"White Rock","C",4,1,170.03,20,9959,1021,2,2,1,"WHITE ROCK","B","B",19840301,19000001,"South Surrey - White Rock - Langley","Vancouver","Greater Vancouver Regional District"
"232","V4B5L4",231,109175,5915,933,59023,"V4B",59152593,0,49.029024,-122.804809,0,59,7,"White Rock","C",4,1,170.03,20,9959,0,0,3,3,"WHITE ROCK","K","K",19990701,19000001,"South Surrey - White Rock - Langley","Vancouver","Greater Vancouver Regional District"
"233","V4C1C5",233,44871,5915,933,59003,"V4C",59152125,3,49.136587,-122.906451,1,59,11,"Delta","DM",11,1,162.02,20,9959,973,1,1,1,"DELTA","A","A",19830401,19000001,"Delta - South Richmond","Vancouver","Greater Vancouver Regional District"
"234","V4C1L2",234,43962,5915,933,59003,"V4C",59152117,3,49.141236,-122.892978,0,59,11,"Delta","DM",11,1,162.03,20,9959,973,1,1,1,"DELTA","A","A",19830401,19000001,"Delta - South Richmond","Vancouver","Greater Vancouver Regional District"
"235","V4C1N2",235,43860,5915,933,59003,"V4C",59152130,3,49.144823,-122.922034,1,59,11,"Delta","DM",11,1,162.02,20,9959,973,1,1,1,"DELTA","A","A",19830401,19000001,"Delta - South Richmond","Vancouver","Greater Vancouver Regional District"
"236","V4C2E4",237,46200,5915,933,59003,"V4C",59152111,3,49.153124,-122.897925,1,59,11,"Delta","DM",11,1,163.06,20,9959,973,1,1,1,"DELTA","A","A",19830401,19000001,"Delta - South Richmond","Vancouver","Greater Vancouver Regional District"
"237","V4C2E4",236,46200,5915,933,59003,"V4C",59152111,3,49.153124,-122.897925,1,59,11,"Delta","DM",11,1,163.06,20,9959,973,1,1,1,"DELTA","A","A",19830401,19000001,"Delta - South Richmond","Vancouver","Greater Vancouver Regional District"
"238","V4C2J5",238,49881,5915,933,59003,"V4C",59152134,1,49.155437,-122.916303,1,59,11,"Delta","DM",11,1,163.01,20,9959,973,1,1,1,"DELTA","A","A",19830401,19000001,"Delta - South Richmond","Vancouver","Greater Vancouver Regional District"
"239","V4C2N1",239,77268,5915,933,59003,"V4C",59152257,4,49.159573,-122.930228,1,59,11,"Delta","DM",11,1,163.04,20,9959,973,1,1,1,"DELTA","A","A",19830401,19000001,"Delta - South Richmond","Vancouver","Greater Vancouver Regional District"
"240","V4C2X6",240,45286,5915,933,59003,"V4C",59152163,1,49.15975,-122.899518,1,59,11,"Delta","DM",11,1,163.05,20,9959,973,1,1,1,"DELTA","A","A",19830401,19000001,"Delta - South Richmond","Vancouver","Greater Vancouver Regional District"
"241","V4C2Z8",241,45312,5915,933,59003,"V4C",59152143,3,49.161285,-122.90633,1,59,11,"Delta","DM",11,1,163.05,20,9959,973,1,1,1,"DELTA","A","A",19830401,19000001,"Delta - South Richmond","Vancouver","Greater Vancouver Regional District"
"242","V4C3B4",242,57354,5915,933,59003,"V4C",59152141,2,49.163666,-122.915028,1,59,11,"Delta","DM",11,1,163.04,20,9959,973,1,1,1,"DELTA","A","A",19830401,19000001,"Delta - South Richmond","Vancouver","Greater Vancouver Regional District"
"243","V4C3E4",243,55196,5915,933,59003,"V4C",59152145,3,49.164523,-122.906272,1,59,11,"Delta","DM",11,1,163.07,20,9959,973,1,1,1,"DELTA","A","A",19830401,19000001,"Delta - South Richmond","Vancouver","Greater Vancouver Regional District"
"244","V4C3H5",244,45379,5915,933,59003,"V4C",59152160,1,49.16728,-122.900942,1,59,11,"Delta","DM",11,1,163.07,20,9959,973,1,1,1,"DELTA","A","A",19830401,19000001,"Delta - South Richmond","Vancouver","Greater Vancouver Regional District"
"245","V4C4K7",245,77361,5915,933,59003,"V4C",59152142,2,49.161302,-122.916241,1,59,11,"Delta","DM",11,1,163.04,20,9959,973,1,1,1,"DELTA","A","A",19830401,19000001,"Delta - South Richmond","Vancouver","Greater Vancouver Regional District"
"246","V4C4Y2",246,56702,5915,933,59003,"V4C",59152124,1,49.137383,-122.911143,1,59,11,"Delta","DM",11,1,162.02,20,9959,973,1,1,1,"DELTA","A","A",19830401,19000001,"Delta - South Richmond","Vancouver","Greater Vancouver Regional District"
"247","V4C5M8",247,49177,5915,933,59003,"V4C",59152122,1,49.144236,-122.904293,1,59,11,"Delta","DM",11,1,162.03,20,9959,973,1,1,1,"DELTA","A","A",19830401,19000001,"Delta - South Richmond","Vancouver","Greater Vancouver Regional District"
"248","V4C5N3",248,46997,5915,933,59003,"V4C",59152114,4,49.146159,-122.904235,0,59,11,"Delta","DM",11,1,162.03,20,9959,973,1,1,1,"DELTA","A","A",19830401,19000001,"Delta - South Richmond","Vancouver","Greater Vancouver Regional District"
"249","V4C5P9",249,74350,5915,933,59003,"V4C",59152089,1,49.139844,-122.903027,1,59,11,"Delta","DM",11,1,162.03,20,9959,973,1,1,1,"DELTA","A","A",19830401,19000001,"Delta - South Richmond","Vancouver","Greater Vancouver Regional District"
"250","V4C5S6",250,74369,5915,933,59003,"V4C",59152151,4,49.176054,-122.90284,1,59,11,"Delta","DM",11,1,163.08,20,9959,973,1,1,1,"DELTA","A","A",19830401,19000001,"Delta - South Richmond","Vancouver","Greater Vancouver Regional District"
"251","V4C5Y2",251,44899,5915,933,59003,"V4C",59152122,3,49.14178,-122.89983,1,59,11,"Delta","DM",11,1,162.03,20,9959,973,1,1,1,"DELTA","A","A",19830401,19000001,"Delta - South Richmond","Vancouver","Greater Vancouver Regional District"
"252","V4C6T2",252,48373,5915,933,59003,"V4C",59152260,2,49.150893,-122.929777,1,59,11,"Delta","DM",11,1,163.01,20,9959,973,1,1,1,"DELTA","A","A",19830401,19000001,"Delta - South Richmond","Vancouver","Greater Vancouver Regional District"
"253","V4C7X5",253,49373,5915,933,59003,"V4C",59152138,2,49.161291,-122.929007,1,59,11,"Delta","DM",11,1,163.04,20,9959,973,1,1,1,"DELTA","A","A",19830401,19000001,"Delta - South Richmond","Vancouver","Greater Vancouver Regional District"
"254","V4C8B5",254,51973,5915,933,59003,"V4C",59152137,3,49.158048,-122.929565,1,59,11,"Delta","DM",11,1,163.04,20,9959,973,1,1,1,"DELTA","A","A",19861101,19000001,"Delta - South Richmond","Vancouver","Greater Vancouver Regional District"
"255","V4E1K6",255,46685,5915,933,59003,"V4E",59152268,3,49.125088,-122.916551,1,59,11,"Delta","DM",11,1,162.04,20,9959,973,1,1,1,"DELTA","A","A",19830401,19000001,"Delta - South Richmond","Vancouver","Greater Vancouver Regional District"
"256","V4E1L2",256,54707,5915,933,59003,"V4E",59152268,1,49.125985,-122.91559,1,59,11,"Delta","DM",11,1,162.04,20,9959,973,1,1,1,"DELTA","A","A",19830401,19000001,"Delta - South Richmond","Vancouver","Greater Vancouver Regional District"
"257","V4E1NE",257,NA,NA,NA,NA,NA,NA,NA,NA,NA,NA,NA,NA,NA,NA,NA,NA,NA,NA,NA,NA,NA,NA,NA,NA,NA,NA,NA,NA,NA,NA,NA
"258","V4E1Z9",259,46825,5915,933,59003,"V4E",59152083,2,49.132402,-122.893837,1,59,11,"Delta","DM",11,1,162.01,20,9959,973,1,1,1,"DELTA","A","A",19830401,19000001,"Delta - South Richmond","Vancouver","Greater Vancouver Regional District"
"259","V4E1Z9",258,46825,5915,933,59003,"V4E",59152083,2,49.132402,-122.893837,1,59,11,"Delta","DM",11,1,162.01,20,9959,973,1,1,1,"DELTA","A","A",19830401,19000001,"Delta - South Richmond","Vancouver","Greater Vancouver Regional District"
"260","V4E2A9",260,49392,5915,933,59003,"V4E",59152083,1,49.132274,-122.89056,1,59,11,"Delta","DM",11,1,162.01,20,9959,973,1,1,1,"DELTA","A","A",19830401,19000001,"Delta - South Richmond","Vancouver","Greater Vancouver Regional District"
"261","V4E2N5",261,58262,5915,933,59003,"V4E",59152263,1,49.129981,-122.918518,0,59,11,"Delta","DM",11,1,162.01,20,9959,973,1,1,1,"DELTA","A","A",19830401,19000001,"Delta - South Richmond","Vancouver","Greater Vancouver Regional District"
"262","V4E2T3",262,43728,5915,933,59003,"V4E",59152085,1,49.126329,-122.894471,1,59,11,"Delta","DM",11,1,162.01,20,9959,973,1,1,1,"DELTA","A","A",19830401,19000001,"Delta - South Richmond","Vancouver","Greater Vancouver Regional District"
"263","V4E2W5",265,44117,5915,933,59003,"V4E",59152262,2,49.13375,-122.91776,0,59,11,"Delta","DM",11,1,162.01,20,9959,973,1,1,1,"DELTA","A","A",19830401,19000001,"Delta - South Richmond","Vancouver","Greater Vancouver Regional District"
"264","V4E3E7",263,47133,5915,933,59003,"V4E",59152270,4,49.117949,-122.895539,1,59,11,"Delta","DM",11,1,162.04,20,9959,973,1,1,1,"DELTA","A","A",19830401,19000001,"Delta - South Richmond","Vancouver","Greater Vancouver Regional District"
"265","V4E3G5",264,47143,5915,933,59003,"V4E",59152083,3,49.130205,-122.893601,1,59,11,"Delta","DM",11,1,162.01,20,9959,973,1,1,1,"DELTA","A","A",19830501,19000001,"Delta - South Richmond","Vancouver","Greater Vancouver Regional District"
"266","V4K1E7",266,47514,5915,933,59003,"V4K",59152717,2,49.082956,-123.079541,1,59,11,"Delta","DM",11,1,161.02,20,9959,973,1,1,1,"DELTA","A","A",19830401,19000001,"Delta - South Richmond","Vancouver","Greater Vancouver Regional District"
"267","V4K1H9",267,49981,5915,933,59003,"V4K",59152719,3,49.084304,-123.088316,0,59,11,"Delta","DM",11,1,161.02,20,9959,973,1,1,1,"DELTA","A","A",19830401,19000001,"Delta - South Richmond","Vancouver","Greater Vancouver Regional District"
"268","V4K1T5",268,47288,5915,933,59003,"V4K",59152712,3,49.088375,-123.070695,0,59,11,"Delta","DM",11,1,161.03,20,9959,973,1,1,1,"DELTA","A","A",19830401,19000001,"Delta - South Richmond","Vancouver","Greater Vancouver Regional District"
"269","V4K1Z3",275,137388,5915,933,59003,"V4K",59152776,3,49.092119,-123.055459,1,59,11,"Delta","DM",11,1,161.05,20,9959,973,1,1,1,"DELTA","A","A",19830401,19000001,"Delta - South Richmond","Vancouver","Greater Vancouver Regional District"
"270","V4K2H2",269,47791,5915,933,59003,"V4K",59152705,1,49.096857,-123.072934,1,59,11,"Delta","DM",11,1,161.05,20,9959,973,1,1,1,"DELTA","A","A",19830401,19000001,"Delta - South Richmond","Vancouver","Greater Vancouver Regional District"
"271","V4K3J9",270,46943,5915,933,59003,"V4K",59152701,1,49.093712,-123.058164,1,59,11,"Delta","DM",11,1,161.05,20,9959,973,1,1,1,"DELTA","A","A",19830401,19000001,"Delta - South Richmond","Vancouver","Greater Vancouver Regional District"
"272","V4K4C5",271,47652,5915,933,59003,"V4K",59152707,8,49.100521,-123.074847,1,59,11,"Delta","DM",11,1,161.06,20,9959,973,1,1,1,"DELTA","A","A",19830401,19000001,"Delta - South Richmond","Vancouver","Greater Vancouver Regional District"
"273","V4K4J9",272,48839,5915,933,59003,"V4K",59152707,11,49.095645,-123.076349,0,59,11,"Delta","DM",11,1,161.06,20,9959,973,1,1,1,"DELTA","A","A",19850301,19000001,"Delta - South Richmond","Vancouver","Greater Vancouver Regional District"
"274","V4K4S5",273,43109,5915,933,59003,"V4K",59152775,3,49.091874,-123.050332,1,59,11,"Delta","DM",11,1,161.05,20,9959,973,1,1,1,"DELTA","A","A",19890901,19000001,"Delta - South Richmond","Vancouver","Greater Vancouver Regional District"
"275","V4K5V3",274,NA,NA,NA,NA,NA,NA,NA,NA,NA,NA,NA,NA,NA,NA,NA,NA,NA,NA,NA,NA,NA,NA,NA,NA,NA,NA,NA,NA,NA,NA,NA
"276","V4L1Z5",276,77621,5915,933,59003,"V4L",59152747,3,49.011968,-123.068697,1,59,11,"Delta","DM",11,1,160.01,20,9959,973,1,1,1,"DELTA","A","A",19830401,19000001,"Delta - South Richmond","Vancouver","Greater Vancouver Regional District"
"277","V4L2B1",277,47029,5915,933,59003,"V4L",59152758,1,49.032664,-123.068406,1,59,11,"Delta","DM",11,1,160.02,20,9959,973,1,1,1,"DELTA","A","A",19830401,19000001,"Delta - South Richmond","Vancouver","Greater Vancouver Regional District"
"278","V4L2M2",278,79115,5915,933,59003,"V4L",59152758,1,49.032664,-123.068406,1,59,11,"Delta","DM",11,1,160.02,20,9959,973,1,1,1,"DELTA","B","B",19880901,19000001,"Delta - South Richmond","Vancouver","Greater Vancouver Regional District"
"279","V4M1E5",290,49198,5915,933,59003,"V4M",59152744,5,49.006351,-123.075488,1,59,11,"Delta","DM",11,1,160.01,20,9959,973,1,1,1,"DELTA","A","A",19830401,19000001,"Delta - South Richmond","Vancouver","Greater Vancouver Regional District"
"280","V4M1M8",279,59362,5915,933,59003,"V4M",59152736,2,49.015194,-123.088901,1,59,11,"Delta","DM",11,1,160.03,20,9959,973,1,1,1,"DELTA","A","A",19930901,19000001,"Delta - South Richmond","Vancouver","Greater Vancouver Regional District"
"281","V4M1N5",280,59371,5915,933,59003,"V4M",59152736,3,49.01497,-123.086359,0,59,11,"Delta","DM",11,1,160.03,20,9959,973,1,1,1,"DELTA","A","A",19830401,19000001,"Delta - South Richmond","Vancouver","Greater Vancouver Regional District"
"282","V4M1Z7",281,75522,5915,933,59003,"V4M",59152765,1,49.024081,-123.080598,1,59,11,"Delta","DM",11,1,160.03,20,9959,973,1,1,1,"DELTA","A","A",19830401,19000001,"Delta - South Richmond","Vancouver","Greater Vancouver Regional District"
"283","V4M2L8",282,59361,5915,933,59003,"V4M",59152731,5,49.020346,-123.092627,1,59,11,"Delta","DM",11,1,160.03,20,9959,973,1,1,1,"DELTA","A","A",19830401,19000001,"Delta - South Richmond","Vancouver","Greater Vancouver Regional District"
"284","V4M2R2",283,50038,5915,933,59003,"V4M",59152738,1,49.010743,-123.086138,1,59,11,"Delta","DM",11,1,160.01,20,9959,973,1,1,1,"DELTA","A","A",19830401,19000001,"Delta - South Richmond","Vancouver","Greater Vancouver Regional District"
"285","V4M2W9",284,79637,5915,933,59003,"V4M",59152741,3,49.002734,-123.08161,0,59,11,"Delta","DM",11,1,160.01,20,9959,973,1,1,1,"DELTA","A","A",19830401,19000001,"Delta - South Richmond","Vancouver","Greater Vancouver Regional District"
"286","V4M2Y8",285,45872,5915,933,59003,"V4M",59152735,2,49.016535,-123.079734,1,59,11,"Delta","DM",11,1,160.03,20,9959,973,1,1,1,"DELTA","A","A",19830401,19000001,"Delta - South Richmond","Vancouver","Greater Vancouver Regional District"
"287","V4M3Y6",286,46829,5915,933,59003,"V4M",59152743,4,49.003663,-123.071674,0,59,11,"Delta","DM",11,1,160.01,20,9959,973,1,1,1,"DELTA","A","A",19830401,19000001,"Delta - South Richmond","Vancouver","Greater Vancouver Regional District"
"288","V4M4E4",287,73537,5915,933,59003,"V4M",59152765,3,49.023863,-123.073036,1,59,11,"Delta","DM",11,1,160.03,20,9959,973,1,1,1,"DELTA","A","A",19920601,19000001,"Delta - South Richmond","Vancouver","Greater Vancouver Regional District"
"289","V4M4E7",288,48035,5915,933,59003,"V4M",59152753,1,49.028398,-123.069636,1,59,11,"Delta","DM",11,1,160.04,20,9959,973,1,1,1,"DELTA","B","B",19931101,19000001,"Delta - South Richmond","Vancouver","Greater Vancouver Regional District"
"290","V4M4G4",289,48047,5915,933,59003,"V4M",59152728,1,49.042669,-123.095266,0,59,802,"Tsawwassen","R",11,1,161.01,20,9959,973,1,2,1,"DELTA","A","A",19941001,19000001,"Delta - South Richmond","Vancouver","Greater Vancouver Regional District"
"291","V4N1R3",291,144133,5915,933,59025,"V4N",59151894,3,49.206251,-122.773324,1,59,4,"Surrey","C",4,1,188.03,20,9959,973,1,1,1,"SURREY","A","A",19920201,19000001,"Surrey North / Surrey-Nord","Vancouver","Greater Vancouver Regional District"
"292","V4N1V5",292,56227,5915,933,59025,"V4N",59151890,2,49.192652,-122.767788,1,59,4,"Surrey","C",4,1,188.03,20,9959,973,1,1,1,"SURREY","A","A",19920201,19000001,"Surrey North / Surrey-Nord","Vancouver","Greater Vancouver Regional District"
"293","V4N2B8",293,107679,5915,933,59024,"V4N",59151842,4,49.171759,-122.772133,0,59,4,"Surrey","C",4,1,188.04,20,9959,973,1,1,1,"SURREY","A","A",19920201,19000001,"Surrey Central / Surrey-Centre","Vancouver","Greater Vancouver Regional District"
"294","V4N2P4",294,134905,5915,933,59024,"V4N",59151842,1,49.17336,-122.778215,0,59,4,"Surrey","C",4,1,188.04,20,9959,973,1,1,1,"SURREY","A","A",19920201,19000001,"Surrey Central / Surrey-Centre","Vancouver","Greater Vancouver Regional District"
"295","V4N2Z1",295,39065,5915,933,59024,"V4N",59152021,2,49.165346,-122.776201,0,59,4,"Surrey","C",4,1,187.06,20,9959,973,1,2,1,"SURREY","A","A",19920201,19000001,"Surrey Central / Surrey-Centre","Vancouver","Greater Vancouver Regional District"
"296","V4N3B4",305,40718,5915,933,59024,"V4N",59151844,2,49.173404,-122.789178,0,59,4,"Surrey","C",4,1,187.06,20,9959,973,1,1,1,"SURREY","A","A",19920201,19000001,"Surrey Central / Surrey-Centre","Vancouver","Greater Vancouver Regional District"
"297","V4N3B5",296,39994,5915,933,59024,"V4N",59151843,2,49.175415,-122.787927,0,59,4,"Surrey","C",4,1,187.06,20,9959,973,1,1,1,"SURREY","A","A",19920201,19000001,"Surrey Central / Surrey-Centre","Vancouver","Greater Vancouver Regional District"
"298","V4N3H3",297,110273,5915,933,59024,"V4N",59152023,2,49.156243,-122.765702,0,59,4,"Surrey","C",4,1,187.07,20,9959,973,1,1,1,"SURREY","A","A",19920201,19000001,"Surrey Central / Surrey-Centre","Vancouver","Greater Vancouver Regional District"
"299","V4N3Z1",298,69034,5915,933,59024,"V4N",59152788,4,49.171914,-122.707521,1,59,4,"Surrey","C",4,1,182.06,20,9959,9959,3,2,1,"SURREY","A","A",19921101,19000001,"Surrey Central / Surrey-Centre","Vancouver","Greater Vancouver Regional District"
"300","V4N4M9",299,53446,5915,933,59025,"V4N",59153035,1,49.19684,-122.759131,0,59,4,"Surrey","C",4,1,188.03,20,9959,973,1,1,1,"SURREY","A","A",19921101,19000001,"Surrey North / Surrey-Nord","Vancouver","Greater Vancouver Regional District"
"301","V4N4X3",300,154742,5915,933,59025,"V4N",59151895,3,49.202737,-122.788437,1,59,4,"Surrey","C",4,1,188.01,20,9959,973,1,1,1,"SURREY","A","A",19950401,19000001,"Surrey North / Surrey-Nord","Vancouver","Greater Vancouver Regional District"
"302","V4N4X9",301,82577,5915,933,59025,"V4N",59151894,6,49.204441,-122.767514,1,59,4,"Surrey","C",4,1,188.03,20,9959,973,1,1,1,"SURREY","A","A",19950601,19000001,"Surrey North / Surrey-Nord","Vancouver","Greater Vancouver Regional District"
"303","V4N5A8",302,83340,5915,933,59025,"V4N",59153033,10,49.192862,-122.752061,0,59,4,"Surrey","C",4,1,188.05,20,9959,973,1,1,1,"SURREY","A","A",19970701,19000001,"Surrey North / Surrey-Nord","Vancouver","Greater Vancouver Regional District"
"304","V4N5B7",303,55492,5915,933,59025,"V4N",59151897,6,49.201213,-122.793187,0,59,4,"Surrey","C",4,1,188.01,20,9959,973,1,2,1,"SURREY","A","A",19980601,19000001,"Surrey North / Surrey-Nord","Vancouver","Greater Vancouver Regional District"
"305","V4N5C7",304,102502,5915,933,59023,"V4N",59152682,2,49.044062,-122.747666,0,59,4,"Surrey","C",4,1,180,20,9959,1021,2,2,1,"SURREY","A","A",19980801,19000001,"South Surrey - White Rock - Langley","Vancouver","Greater Vancouver Regional District"
"306","V4P0H7",306,NA,NA,NA,NA,NA,NA,NA,NA,NA,NA,NA,NA,NA,NA,NA,NA,NA,NA,NA,NA,NA,NA,NA,NA,NA,NA,NA,NA,NA,NA,NA
"307","V4P1R3",307,104333,5915,933,59023,"V4P",59152645,2,49.057447,-122.827578,0,59,4,"Surrey","C",4,1,181.04,20,9959,1021,2,1,1,"SURREY","A","A",19920201,19000001,"South Surrey - White Rock - Langley","Vancouver","Greater Vancouver Regional District"
"308","V4P1W3",308,108801,5915,933,59023,"V4P",59152642,3,49.057057,-122.848761,1,59,4,"Surrey","C",4,1,181.03,20,9959,1021,2,1,1,"SURREY","A","A",19920201,19000001,"South Surrey - White Rock - Langley","Vancouver","Greater Vancouver Regional District"
"309","V4P2P9",309,86596,5915,933,59023,"V4P",59152576,9,49.025904,-122.746269,0,59,4,"Surrey","C",4,1,180,20,9959,9959,3,1,1,"SURREY","Z","A",19951001,20010201,"South Surrey - White Rock - Langley","Vancouver","Greater Vancouver Regional District"
"310","V4W2G5",310,78610,5915,933,59010,"V4W",59152552,8,49.016155,-122.531447,1,59,1,"Langley","DM",1,1,500,20,9959,9959,3,1,1,"ALDERGROVE","A","A",19921001,19000001,"Langley - Abbotsford","Vancouver","Greater Vancouver Regional District"
"311","V4W2M4",311,78317,5915,933,59010,"V4W",59152553,3,49.010542,-122.503785,0,59,1,"Langley","DM",1,1,500,20,9959,9959,3,2,1,"LANGLEY","A","A",19921001,19000001,"Langley - Abbotsford","Vancouver","Greater Vancouver Regional District"
"312","V4W3E1",312,94004,5915,933,59010,"V4W",59152512,1,49.058828,-122.492644,0,59,1,"Langley","DM",1,1,506.02,20,9959,1218,2,1,1,"ALDERGROVE","A","A",19921101,19000001,"Langley - Abbotsford","Vancouver","Greater Vancouver Regional District"
"313","V4W3N6",313,107453,5915,933,59010,"V4W",59152509,5,49.049559,-122.472815,1,59,1,"Langley","DM",1,1,506.02,20,9959,1218,2,1,1,"ALDERGROVE","A","A",19930301,19000001,"Langley - Abbotsford","Vancouver","Greater Vancouver Regional District"
"314","V4W3N9",314,107460,5915,933,59010,"V4W",59152523,3,49.060371,-122.461769,1,59,1,"Langley","DM",1,1,506.01,20,9959,1218,2,1,1,"ALDERGROVE","B","B",19930401,19000001,"Langley - Abbotsford","Vancouver","Greater Vancouver Regional District"
"315","V4W3T1",315,79429,5915,933,59010,"V4W",59152515,3,49.060311,-122.474142,1,59,1,"Langley","DM",1,1,506.01,20,9959,1218,2,1,1,"ALDERGROVE","A","A",19930701,19000001,"Langley - Abbotsford","Vancouver","Greater Vancouver Regional District"
"316","V4W3V4",316,95486,5915,933,59010,"V4W",59152519,2,49.051904,-122.472453,0,59,1,"Langley","DM",1,1,506.02,20,9959,1218,2,2,1,"ALDERGROVE","A","A",19930801,19000001,"Langley - Abbotsford","Vancouver","Greater Vancouver Regional District"
